premises_name,premise_address_1,premise_city,premise_state,premise_zip,clean_name,chain_name,business_type,business_type_manual
131 MAIN,17830 STATESVILLE RD,Charlotte,NC,,MAIN,,other,
131 MAIN,9886 REA RD,Charlotte,NC,,MAIN,,other,
131 MAIN SOUTHPARK,5970 FAIRVIEW RD,Charlotte,NC,,MAIN SOUTHPARK,,other,
1368 SWEET CORNER,8156 S TRYON ST,Charlotte,NC,,SWEET CORNER,,other,
3RD & FERNWOOD,1100 METROPOLITAN AV,Charlotte,NC,,3RD & FERNWOOD,,other,
550 FOODHALL,550 S TRYON ST,Charlotte,NC,,FOODHALL,,other,
7-ELEVEN #35562,2825 LITTLE ROCK RD,Charlotte,NC,,-ELEVEN,,other,
7-ELEVEN #35592K,9502 MT HOLLY-HUNTERSVILLE RD,Charlotte,NC,,-ELEVEN 35592K,,other,
800 DEGREES UPTOWN,320 S TRYON ST,Charlotte,NC,,DEGREES UPTOWN,,other,
A TASTE OF HOPE,120 W CRAIGHEAD RD,Charlotte,NC,,A TASTE OF HOPE,,other,
AC HOTEL,220 E TRADE ST,Charlotte,NC,,AC HOTEL,,other,
AC HOTEL CLT SOUTHPARK,1824 ROXBOROUGH RD,Charlotte,NC,,AC HOTEL CLT SOUTHPARK,,other,
AC MARRIOTT BALLANTYNE,14819 BALLANTYNE VILLAGE WY,Charlotte,NC,,AC MARRIOTT BALLANTYNE,,other,
ACE NO 3,829 PROVIDENCE RD,Charlotte,NC,,ACE,,other,
ACE NO.3,1001 BELMONT AV,Charlotte,NC,,ACE,,other,
ADAMS MART #4,11924 ELM LN,Charlotte,NC,,ADAMS MART,,other,
ADMIRALS CLUB B CONCOURSE,5501 JOSH BIRMINGHAM PY,Charlotte,NC,,ADMIRALS CLUB B CONCOURSE,,other,
ADMIRALS CLUB C CONCOURSE,5501 JOSH BIRMINGHAM PY,Charlotte,NC,,ADMIRALS CLUB C CONCOURSE,,other,
ALBERTINE/MILKBREAD UPTOWN,525 SOUTH TRYON ST,Charlotte,NC,,ALBERTINE/MILKBREAD UPTOWN,,other,
ALEXANDER MICHAELS,401 W NINTH ST,Charlotte,NC,,ALEXANDER MICHAELS,,other,
ALOFT CHARLOTTE AIRPORT,3928 MEMORIAL PY,Charlotte,NC,,ALOFT CHARLOTTE AIRPORT,,other,
ALOFT CHARLOTTE BALLANTYNE,13139 BALLANTYNE CORPORATE PL,Charlotte,NC,,ALOFT CHARLOTTE BALLANTYNE,,other,
AMC CAROLINA PAVILION 22,9541 SOUTH BV,Charlotte,NC,,AMC CAROLINA PAVILION,,other,
AMC THEATERS 14 NORTHLAKE,7325 NORTHLAKE MALL DR,Charlotte,NC,,AMC THEATERS NORTHLAKE,,other,
AMELIES PARK RD,4321 PARK RD,Charlotte,NC,,AMELIES PARK RD,,other,
AMERICAN AIRLINES TRAINING CENTER,4800 HANGAR RD,Charlotte,NC,,AMERICAN AIRLINES TRAINING CENTER,,other,
AMERICAN EXPRESS CENTURION LOUNGE,5501 JOSH BIRMINGHAM PY,Charlotte,NC,,AMERICAN EXPRESS CENTURION LOUNGE,,other,
AMF UNIVERSITY LANES,5900 N TRYON ST,Charlotte,NC,,AMF UNIVERSITY LANES,,other,
ANGELINES & CATERING,303 S CHURCH ST,Charlotte,NC,,ANGELINES & CATERING,,other,
ANGRY ALES,1518 MONTFORD DR,Charlotte,NC,,ANGRY ALES,,other,
ANJEHS AFRICAN & CARIBBEAN CUISINE,6434 W SUGAR CREEK RD,Charlotte,NC,,ANJEHS AFRICAN & CARIBBEAN CUISINE,,other,
ANTOJITOS CATRACHOS,6404 ALBEMARLE RD,Charlotte,NC,,ANTOJITOS CATRACHOS,,other,
ANTOJOS LOCOS,5534 ALBEMARLE RD,Charlotte,NC,,ANTOJOS LOCOS,,other,
APPLEBEE'S #1096,10921 CAROLINA PLACE PY,Charlotte,NC,,APPLEBEE S,,other,
APPLEBEES #1095,9616 E INDEPENDENCE BV,Charlotte,NC,,APPLEBEES,,other,
AQUA E VINO,4219 PROVIDENCE RD,Charlotte,NC,,AQUA E VINO,,other,
ARAMARK AT CORNING CHARLOTTE,4200 CORNING PL,Charlotte,NC,,ARAMARK AT CORNING CHARLOTTE,,other,
ARBOL EATERY,227 W TRADE ST,Charlotte,NC,,ARBOL EATERY,,other,
ARBY'S #5527,597 N POLK ST,Charlotte,NC,,ARBY S,,other,
ARBY'S #8798,5226 E INDEPENDENCE BV,Charlotte,NC,,ARBY S,,other,
ARBYS #8076 REA FARMS,9923 SANDY ROCK PL,Charlotte,NC,,ARBYS REA FARMS,,other,
ARBYS #8573,18240 STATESVILLE RD,Charlotte,NC,,ARBYS,,other,
ARBYS #8718,12936 ALBEMARLE RD,Charlotte,NC,,ARBYS,,other,
ARBY`S #7023,7008 W W T HARRIS BV,Charlotte,NC,,ARBY S,,other,
AROMAS DE MI PUEBLO,9107 S TRYON ST,Charlotte,NC,,AROMAS DE MI PUEBLO,,other,
AROOJI`S WINE ROOM,5349 BALLANTYNE COMMONS PY,Charlotte,NC,,AROOJI S WINE ROOM,,other,
ARTHUR'S/SOUTHPARK,4400 SHARON RD,Charlotte,NC,,ARTHUR S/SOUTHPARK,,other,
"ASBURY, THE",235 N TRYON ST,Charlotte,NC,,ASBURY,,other,
ASIAN 1,16646 HAWFIELD WAY DR,Charlotte,NC,,ASIAN,,other,
ASIAN GARDEN,2925 E W T HARRIS BV,Charlotte,NC,,ASIAN GARDEN,,other,
ATRIUM HEALTH BEHAVIORAL HEALTH CHARLOTTE,501 BILLINGSLEY RD,Charlotte,NC,,ATRIUM HEALTH BEHAVIORAL HEALTH CHARLOTTE,,other,
ATRIUM HEALTH PINEVILLE,10628 PARK RD,Charlotte,NC,,ATRIUM HEALTH PINEVILLE,,other,
ATRIUM HEALTH UNIVERSITY,8800 N TRYON ST,Charlotte,NC,,ATRIUM HEALTH UNIVERSITY,,other,
ATRIUM PINEVILLE REHABILITATION,10648 PARK RD,Charlotte,NC,,ATRIUM PINEVILLE REHABILITATION,,other,
AUNTIE ANNES & CINNABON,5506 NEW FASHION WY,Charlotte,NC,,AUNTIE ANNES & CINNABON,,other,
AUNTIE ANNES UNCC,9201 UNIVERSITY CITY BV,Charlotte,NC,,AUNTIE ANNES UNCC,,other,
AZUL BALLANTYNE,14825 BALLANTYNE VILLAGE WY,Charlotte,NC,,AZUL BALLANTYNE,,other,
BABE & BUTCHER PARK ROAD,4325 PARK RD,Charlotte,NC,,BABE & BUTCHER PARK ROAD,,other,
BACHI,2700 W MALLARD CREEK CHURCH RD,Charlotte,NC,,BACHI,,other,
BAGEL BOYS,7107 WAVERLY WALK AV,Charlotte,NC,,BAGEL BOYS,,other,
BAKERSFIELD EAST BLVD,1301 EAST BV,Charlotte,NC,,BAKERSFIELD EAST BLVD,,other,
BAKU,4515 SHARON RD,Charlotte,NC,,BAKU,,other,
BALLANTYNE HOTEL AND LODGE,10000 BALLANTYNE COMMONS PY,Charlotte,NC,,BALLANTYNE HOTEL AND LODGE,,other,
BAMBOO GARDEN,231 MT HOLLY-HUNTERSVILLE RD,Charlotte,NC,,BAMBOO GARDEN,,other,
BANH MI BROTHERS,230 E W T HARRIS BV,Charlotte,NC,,BANH MI BROTHERS,,other,
BAODING,4722 SHARON RD,Charlotte,NC,,BAODING,,other,
BAPS TEMPLE,4100 MARGARET WALLACE RD,Charlotte,NC,,BAPS TEMPLE,,other,
BEACH AND BOROUGH,1125 CHARLOTTETOWNE AV,Charlotte,NC,,BEACH AND BOROUGH,,other,
BEAN,3001 E INDEPENDENCE BV,Charlotte,NC,,BEAN,,other,
BEAN SPROUTS CHARLOTTE,301 N TRYON ST,Charlotte,NC,,BEAN SPROUTS CHARLOTTE,,other,
BEAT THE BOMB,3638 TRYCLAN DR,Charlotte,NC,,BEAT THE BOMB,,other,
BEAUDEVIN,5501 JOSH BIRMINGHAM PY,Charlotte,NC,,BEAUDEVIN,,other,
BEDDER BEDDER & MOORE,3501 S TRYON ST,Charlotte,NC,,BEDDER BEDDER & MOORE,,other,
BEEF & BOTTLE,4538 SOUTH BV,Charlotte,NC,,BEEF & BOTTLE,,other,
"BELLA CIAO, THE",201 S TRYON  ST,Charlotte,NC,,BELLA CIAO,,other,
BELLE ACRES COUNTRY CLUB,3025 SOUTH BV,Charlotte,NC,,BELLE ACRES COUNTRY CLUB,,other,
BENNY FERROVIAS,340 W TREMONT AV,Charlotte,NC,,BENNY FERROVIAS,,other,
BENNY PENNELLO'S,2909 N DAVIDSON ST,Charlotte,NC,,BENNY PENNELLO S,,other,
BEST WESTERN PLUS,2501 SARDIS RD N,Charlotte,NC,,BEST WESTERN PLUS,,other,
BEST WESTERN PLUS,9825 LEITNER DR,Charlotte,NC,,BEST WESTERN PLUS,,other,
BIG AIR TRAMPOLINE PARK,2408 SARDIS RD N,Charlotte,NC,,BIG AIR TRAMPOLINE PARK,,other,
BIG AIR TRAMPOLINE PARK,8215 UNIVERSITY CITY BV,Charlotte,NC,,BIG AIR TRAMPOLINE PARK,,other,
BIG CHILL EVENT VENUE,911 E MOREHEAD ST,Charlotte,NC,,BIG CHILL EVENT VENUE,,other,
BIN 110,19712 ONE NORMAN BV,Charlotte,NC,,BIN,,other,
BISCUIT BELLY,1949 E 7TH ST,Charlotte,NC,,BISCUIT BELLY,,other,
BISCUITVILLE #202,3060 DERITA RD,Charlotte,NC,,BISCUITVILLE,,other,
BITE YOUR TONGUE,1121 BEATTIES FORD RD,Charlotte,NC,,BITE YOUR TONGUE,,other,
BLASIAN ASIAN WAY,1801 N GRAHAM ST,Charlotte,NC,,BLASIAN ASIAN WAY,,other,
"BLUE TAJ, THE",14815 BALLANTYNE VILLAGE WY,Charlotte,NC,,BLUE TAJ,,other,
BOARDWALK BILLY`S,1636 SARDIS RD N,Charlotte,NC,,BOARDWALK BILLY S,,other,
BOATYARD LKN,18418 STATESVILLE RD,Charlotte,NC,,BOATYARD LKN,,other,
BOB EVANS #362,9253 STATESVILLE RD,Charlotte,NC,,BOB EVANS,,other,
BOB EVANS REST #335,16706 NORTHCROSS DR,Charlotte,NC,,BOB EVANS REST,,other,
BOHEMIAN,1319 PECAN AV,Charlotte,NC,,BOHEMIAN,,other,
BOILING POT/CHINA GOGO,7010 SMITH CORNERS BV,Charlotte,NC,,BOILING POT/CHINA GOGO,,other,
BONCHON,8318 PINEVILLE-MATTHEWS RD,Charlotte,NC,,BONCHON,,other,
BONCHON CHARLOTTE - WOODLAWN,1600 E WOODLAWN RD,Charlotte,NC,,BONCHON CHARLOTTE - WOODLAWN,,other,
BOSSY BEULAHS BALLANTYNE,15110 BOWL ST,Charlotte,NC,,BOSSY BEULAHS BALLANTYNE,,other,
BOTIWALLA OPTIMIST,1115 N BREVARD ST,Charlotte,NC,,BOTIWALLA OPTIMIST,,other,
BOWLERO,210 E TRADE ST,Charlotte,NC,,BOWLERO,,other,
BOWLERO SOUTH BLVD,4501 SOUTH BV,Charlotte,NC,,BOWLERO SOUTH BLVD,,other,
BRADSHAW SOCIAL HOUSE,8440 REA RD,Charlotte,NC,,BRADSHAW SOCIAL HOUSE,,other,
BRAZILIAN EATS & TREATS,16049 JOHNSTON RD,Charlotte,NC,,BRAZILIAN EATS & TREATS,,other,
BREWERS AT 4001 YANCEY,4001 YANCEY RD,Charlotte,NC,,BREWERS AT YANCEY,,other,
BROOKLYN PICKLES,1021 MOREHEAD MEDICAL DR,Charlotte,NC,,BROOKLYN PICKLES,,other,
BROWN BAG PIPER STATION,5231 PIPER STATION DR,Charlotte,NC,,BROWN BAG PIPER STATION,,other,
BRUEGGERS #077-672,8706 PINEVILLE-MATTHEWS RD,Charlotte,NC,,BRUEGGERS -,,other,
BRUEGGERS BAGEL #193,106 S SHARON AMITY RD,Charlotte,NC,,BRUEGGERS BAGEL,,other,
BUHO AT GRAND BOHEMIAN,201 W TRADE ST,Charlotte,NC,,BUHO AT GRAND BOHEMIAN,,other,
BUONA VITA,3419 TORINGDON WY,Charlotte,NC,,BUONA VITA,,other,
"BUTLERS PANTRY, THE",274 S SHARON AMITY RD,Charlotte,NC,,BUTLERS PANTRY,,other,
BYTES,900 W TRADE ST,Charlotte,NC,,BYTES,,other,
CABO FISH TACO,3201 N DAVIDSON ST,Charlotte,NC,,CABO FISH TACO,,other,
CABO FISH TACO BALLANTYNE,11611 NORTH COMMUNITY HOUSE RD,Charlotte,NC,,CABO FISH TACO BALLANTYNE,,other,
CAJUN QUEEN,1800 E 7TH ST,Charlotte,NC,,CAJUN QUEEN,,other,
CAJUN YARD DOG,8036 PROVIDENCE RD,Charlotte,NC,,CAJUN YARD DOG,,other,
CALLE SOL,1205 THOMAS AV,Charlotte,NC,,CALLE SOL,,other,
CALLE SOL SOUTHPARK,3100 APEX DR,Charlotte,NC,,CALLE SOL SOUTHPARK,,other,
CALVARY CHURCH,5801 PINEVILLE-MATTHEWS RD,Charlotte,NC,,CALVARY CHURCH,,other,
CANOPY BY HILTON CHARLOTTE SOUTHPARK,4905 BARCLAY DOWNS DR,Charlotte,NC,,CANOPY BY HILTON CHARLOTTE SOUTHPARK,,other,
CANTEEN OFFICE WAREHOUSE,13225 MCGUIRE NUCLEAR STATION RD,Charlotte,NC,,CANTEEN OFFICE WAREHOUSE,,other,
CANTINA LOUIE MATTHEWS,2225 MATTHEWS TOWNSHIP PY,Charlotte,NC,,CANTINA LOUIE MATTHEWS,,other,
CAPRIOTTIS CHARLOTTE,2040 FREEMAN PARK DR,Charlotte,NC,,CAPRIOTTIS CHARLOTTE,,other,
CAPTAIN D'S,9715 E INDEPENDENCE BV,Charlotte,NC,,CAPTAIN D S,,other,
CAPTAIN D'S #101,2838 FREEDOM DR,Charlotte,NC,,CAPTAIN D S,,other,
CAPTAIN D'S #104,123 EASTWAY DR,Charlotte,NC,,CAPTAIN D S,,other,
CAPTAIN D'S #108,5316 SUNSET RD,Charlotte,NC,,CAPTAIN D S,,other,
CAPTAIN D'S #404,3623 N SHARON AMITY RD,Charlotte,NC,,CAPTAIN D S,,other,
CARIBBEAN HUT,200 W WOODLAWN RD,Charlotte,NC,,CARIBBEAN HUT,,other,
CARIBBEAN HUT EASTFIELD,13016 EASTFIELD RD,Charlotte,NC,,CARIBBEAN HUT EASTFIELD,,other,
CARNITAS GUANAJUATO,5534 ALBEMARLE RD,Charlotte,NC,,CARNITAS GUANAJUATO,,other,
CAROLINA ALE HOUSE WAVERLY,7404 WAVERLY WALK AV,Charlotte,NC,,CAROLINA ALE HOUSE WAVERLY,,other,
"CASEY, THE",1837 N TRYON ST,Charlotte,NC,,CASEY,,other,
CAST IRON WAFFLES BALLANTYNE,9604 LONGSTONE LN,Charlotte,NC,,CAST IRON WAFFLES BALLANTYNE,,other,
"CASUAL PINT, THE",14126 RIVERGATE PY,Charlotte,NC,,CASUAL PINT,,other,
CASWELL STATION,366 N CASWELL RD,Charlotte,NC,,CASWELL STATION,,other,
CATALU,135 NEW BERN ST,Charlotte,NC,,CATALU,,other,
CAVA,16845 BIRKDALE COMMONS PY,Charlotte,NC,,CAVA,,other,
CAVA,4267 PARK RD,Charlotte,NC,,CAVA,,other,
CAVA,8936 J M KEYNES DR,Charlotte,NC,,CAVA,,other,
CAVA METROPOLITAN,1055 METROPOLITAN AV,Charlotte,NC,,CAVA METROPOLITAN,,other,
CAVA SOUTHEND #093,2126 SOUTH BV,Charlotte,NC,,CAVA SOUTHEND,,other,
CAVA WAVERLY,6307 PROVIDENCE FARM LN,Charlotte,NC,,CAVA WAVERLY,,other,
CELLAR AND ALE,131 MATTHEWS STATION ST,Charlotte,NC,,CELLAR AND ALE,,other,
"CELLAR AT DUCKWORTH'S, THE",330 N TRYON ST,Charlotte,NC,,CELLAR AT DUCKWORTH S,,other,
CENTRO NEVERO,5861 ALBEMARLE RD,Charlotte,NC,,CENTRO NEVERO,,other,
CHAAT N DOSA,8624 CAMFIELD ST,Charlotte,NC,,CHAAT N DOSA,,other,
CHAPTER SIX,2151 HAWKINS ST,Charlotte,NC,,CHAPTER SIX,,other,
CHARLES T. MYERS GOLF COURSE,7701 HARRISBURG RD,Charlotte,NC,,CHARLES T MYERS GOLF COURSE,,other,
CHARLOTTE BEER GARDEN,1300 S TRYON ST,Charlotte,NC,,CHARLOTTE BEER GARDEN,,other,
CHARLOTTE COMMUNITY SERVICES ASSOCIATION,1801 OAKLAWN AV,Charlotte,NC,,CHARLOTTE COMMUNITY SERVICES ASSOCIATION,,other,
CHARLOTTE CONVENTION CENTER BUON CIBO,501 S COLLEGE ST,Charlotte,NC,,CHARLOTTE CONVENTION CENTER BUON CIBO,,other,
CHARLOTTE CONVENTION CENTER EINSTEIN BAGEL,501 S COLLEGE ST,Charlotte,NC,,CHARLOTTE CONVENTION CENTER EINSTEIN BAGEL,,other,
CHARLOTTE GREENS,9201 UNIVERSITY CITY BV,Charlotte,NC,,CHARLOTTE GREENS,,other,
CHARLOTTE LATIN FOUNDERS' HALL,9502 PROVIDENCE RD,Charlotte,NC,,CHARLOTTE LATIN FOUNDERS HALL,,other,
CHARTER COMMUNICATIONS CHARLOTTE,7800 CRESCENT EXECUTIVE DR,Charlotte,NC,,CHARTER COMMUNICATIONS CHARLOTTE,,other,
CHEDDARS,620 UNIVERSITY CENTER BV,Charlotte,NC,,CHEDDARS,,other,
"CHEESECAKE FACTORY BIRKDALE, THE",8701 TOWNLEY RD,Charlotte,NC,,CHEESECAKE FACTORY BIRKDALE,,other,
"CHEESECAKE FACTORY, THE",4400 SHARON RD,Charlotte,NC,,CHEESECAKE FACTORY,,other,
CHEF HENRY CATERING,1050 DEVORE LN,Charlotte,NC,,CHEF HENRY CATERING,,other,
CHEZ MARIE,4732 SHARON RD,Charlotte,NC,,CHEZ MARIE,,other,
CHICK-FIL-A,8411 NORTHLAKE COMMONS BV,Charlotte,NC,,CHICK-FIL-A,,other,
CHICK-FIL-A,9201 UNIVERSITY CITY BV,Charlotte,NC,,CHICK-FIL-A,,other,
CHICK-FIL-A  #00592,1540 E WOODLAWN RD,Charlotte,NC,,CHICK-FIL-A,,other,
CHICK-FIL-A # 04436,7404 MATTHEWS-MINT HILL RD,Charlotte,NC,,CHICK-FIL-A,,other,
CHICK-FIL-A # 836,9905 MATTHEWS PARK DR,Charlotte,NC,,CHICK-FIL-A,,other,
CHICK-FIL-A #1817,8433 DAVIS LAKE PY,Charlotte,NC,,CHICK-FIL-A,,other,
CHICK-FIL-A #3998,5920 PROSPERITY CHURCH RD,Charlotte,NC,,CHICK-FIL-A,,other,
CHICK-FIL-A #4278,8700 UNIVERSITY EXECUTIVE PARK DR,Charlotte,NC,,CHICK-FIL-A,,other,
CHICK-FIL-A #462,101 S TRYON ST,Charlotte,NC,,CHICK-FIL-A,,other,
CHICK-FIL-A #698 AT LAKE NORMAN,16915 STATESVILLE RD,Charlotte,NC,,CHICK-FIL-A AT LAKE NORMAN,,other,
CHICK-FIL-A COLLEGE DOWNS,8428 UNIVERSITY CITY BV,Charlotte,NC,,CHICK-FIL-A COLLEGE DOWNS,,other,
CHICK-FIL-A RIVERGATE PARKWAY #1852,14111 RIVERGATE PY,Charlotte,NC,,CHICK-FIL-A RIVERGATE PARKWAY,,other,
CHICK-FIL-A WHITEHALL COMMONS #0753,8032 S TRYON ST,Charlotte,NC,,CHICK-FIL-A WHITEHALL COMMONS,,other,
CHICK-O-RICO,7510 PINEVILLE-MATTHEWS RD,Charlotte,NC,,CHICK-O-RICO,,other,
CHICKIE'S & PETE'S- CAROWINDS,14523 CAROWINDS BV,Charlotte,NC,,CHICKIE S & PETE S- CAROWINDS,,other,
CHIN CHIN II,9013 ALBEMARLE RD,Charlotte,NC,,CHIN CHIN II,,other,
CHIN GARDEN,4420 THE PLAZA,Charlotte,NC,,CHIN GARDEN,,other,
CHINA BUFFET,9931 LEE ST,Charlotte,NC,,CHINA BUFFET,,other,
CHINA EXPRESS,315 S POLK ST,Charlotte,NC,,CHINA EXPRESS,,other,
CHINA EXPRESS II,3607 MATTHEWS-MINT HILL RD,Charlotte,NC,,CHINA EXPRESS II,,other,
CHINA FUN,5716 WYALONG DR,Charlotte,NC,,CHINA FUN,,other,
CHINA GARDEN #3,8016 CAMBRIDGE COMMONS DR,Charlotte,NC,,CHINA GARDEN,,other,
CHINA INN,5630 N GRAHAM ST,Charlotte,NC,,CHINA INN,,other,
CHINA PALACE,9211 N TRYON ST,Charlotte,NC,,CHINA PALACE,,other,
CHINA SAUTE,9248 ALBEMARLE RD,Charlotte,NC,,CHINA SAUTE,,other,
CHINA SHUTTLE,310 E TRADE ST,Charlotte,NC,,CHINA SHUTTLE,,other,
CHINATOWN,13000 S TRYON ST,Charlotte,NC,,CHINATOWN,,other,
CHOI’S KOREA & WING,808 E ARROWOOD RD,Charlotte,NC,,CHOI S KOREA & WING,,other,
CHOPT CREATIVE SALAD,4125 PARK RD,Charlotte,NC,,CHOPT CREATIVE SALAD,,other,
CHOPT CREATIVE SALAD ARBORETUM,8022 PROVIDENCE RD,Charlotte,NC,,CHOPT CREATIVE SALAD ARBORETUM,,other,
CHOPT CREATIVE SALAD BLAKENEY,9844 REA RD,Charlotte,NC,,CHOPT CREATIVE SALAD BLAKENEY,,other,
CHOPT CREATIVE SALAD UPTOWN,212 S TRYON ST,Charlotte,NC,,CHOPT CREATIVE SALAD UPTOWN,,other,
CHUCK E CHEESE #39,5612 ALBEMARLE RD,Charlotte,NC,,CHUCK E CHEESE,,other,
CHUCK E CHEESE #S064,7701 PINEVILLE-MATTHEWS RD,Charlotte,NC,,CHUCK E CHEESE S064,,other,
CHURCH & UNION,127 N TRYON ST,Charlotte,NC,,CHURCH & UNION,,other,
CHUYS,7314 WAVERLY WALK AV,Charlotte,NC,,CHUYS,,other,
CICCHETTI,100  N TRYON  ST,Charlotte,NC,,CICCHETTI,,other,
CILANTRO NOODLE / OHCA TIME,2001 COMMONWEALTH AV,Charlotte,NC,,CILANTRO NOODLE / OHCA TIME,,other,
CINERGY 109,5336 DOCIA CROSSING RD,Charlotte,NC,,CINERGY,,other,
CIRCLE G,4818 ROZZELLES FERRY RD,Charlotte,NC,,CIRCLE G,,other,
CIRCLE K #1935,1809 EAST ARBORS DR,Charlotte,NC,,CIRCLE K,,other,
CIRCLE K #3270,18635 OLD STATESVILLE RD,Charlotte,NC,,CIRCLE K,,other,
CIRCLE K#2723978,8008 HARRIS STATION BV,Charlotte,NC,,CIRCLE K,,other,
CITY CENTER COURTYARD MARRIOTT,237 S TRYON ST,Charlotte,NC,,CITY CENTER COURTYARD MARRIOTT,,other,
"CITY KITCH WEST END, THE",2200 THRIFT RD,Charlotte,NC,,CITY KITCH WEST END,,other,
CLEAN EATZ,17111 KENTON DR,Charlotte,NC,,CLEAN EATZ,,other,
CLEAN EATZ,2215 AYRSLEY TOWN BV,Charlotte,NC,,CLEAN EATZ,,other,
CLEAN JUICE,2225 MATTHEWS TOWNSHIP PY,Charlotte,NC,,CLEAN JUICE,,other,
CLEAN JUICE - BIRKDALE,16623 BIRKDALE COMMONS PY,Charlotte,NC,,CLEAN JUICE - BIRKDALE,,other,
CLEAN JUICE DAVIDSON,605 JETTON ST,Charlotte,NC,,CLEAN JUICE DAVIDSON,,other,
CLEAN JUICE REA FARMS,9826 SANDY ROCK PL,Charlotte,NC,,CLEAN JUICE REA FARMS,,other,
CLEAN JUICE SOUTHEND,1616 CAMDEN RD,Charlotte,NC,,CLEAN JUICE SOUTHEND,,other,
CLEAN JUICE STEELE CREEK,4833 BEREWICK TOWN CENTER DR,Charlotte,NC,,CLEAN JUICE STEELE CREEK,,other,
CLEAN JUICE STONECREST,7918 REA RD,Charlotte,NC,,CLEAN JUICE STONECREST,,other,
"CLUB CLT, THE",5501 JOSH BIRMINGHAM PY,Charlotte,NC,,CLUB CLT,,other,
CLUB ONYX,5300 OLD PINEVILLE RD,Charlotte,NC,,CLUB ONYX,,other,
CLUB WEST BREWING,2151 HAWKINS ST,Charlotte,NC,,CLUB WEST BREWING,,other,
CO,4201 PARK RD,Charlotte,NC,,,,other,
COASTERS,14523 CAROWINDS BV,Charlotte,NC,,COASTERS,,other,
COCO & THE DIRECTOR,100 W TRADE ST,Charlotte,NC,,COCO & THE DIRECTOR,,other,
COLLINS AEROSPACE,2730 W TYVOLA RD,Charlotte,NC,,COLLINS AEROSPACE,,other,
COMFORT INN & SUITES,19521 LIVERPOOL PY,Charlotte,NC,,COMFORT INN & SUITES,,other,
COMFORT INN MATTHEWS,1718 WINDSOR CROSSING DR,Charlotte,NC,,COMFORT INN MATTHEWS,,other,
COMFORT SUITES,16905 CALDWELL CREEK DR,Charlotte,NC,,COMFORT SUITES,,other,
COMFORT SUITES,7735 UNIVERSITY CITY BV,Charlotte,NC,,COMFORT SUITES,,other,
COMFORT SUITES #391,3425 MULBERRY CHURCH RD,Charlotte,NC,,COMFORT SUITES,,other,
COMFORT SUITES NORTHLAKE,7315 SMITH CORNERS BV,Charlotte,NC,,COMFORT SUITES NORTHLAKE,,other,
COMFORT SUITES PINEVILLE,10415 CENTRUM PY,Charlotte,NC,,COMFORT SUITES PINEVILLE,,other,
COMMONSPACE,5501 JOSH BIRMINGHAM PY,Charlotte,NC,,COMMONSPACE,,other,
COMMUNITY CULINARY SCHOOL/ ENCORE CATERING,9315 MONROE RD,Charlotte,NC,,COMMUNITY CULINARY SCHOOL/ ENCORE CATERING,,other,
COMO EN MEXICO,1125 E SUGAR CREEK RD,Charlotte,NC,,COMO EN MEXICO,,other,
COMPASS/WELLS FARGO BREVARD,300 S BREVARD ST,Charlotte,NC,,COMPASS/WELLS FARGO BREVARD,,other,
COMPASS/WELLS FARGO EMERALD COMMONS,1525 W W T HARRIS BV,Charlotte,NC,,COMPASS/WELLS FARGO EMERALD COMMONS,,other,
CONSPIRACY,412 W 5TH ST,Charlotte,NC,,CONSPIRACY,,other,
CONVENTION CENTER/BANQUET KIT,501 S COLLEGE ST,Charlotte,NC,,CONVENTION CENTER/BANQUET KIT,,other,
"COOKING POT, THE",5622 E INDEPENDENCE BV,Charlotte,NC,,COOKING POT,,other,
COOL FISH,21726 CATAWBA AV,Charlotte,NC,,COOL FISH,,other,
COPPER,311 EAST BV,Charlotte,NC,,COPPER,,other,
COQUETTE,400 S TRYON ST,Charlotte,NC,,COQUETTE,,other,
COSTA DEL SOL,8045 SOUTH BV,Charlotte,NC,,COSTA DEL SOL,,other,
COSTA DEL SOL,809 E ARROWOOD RD,Charlotte,NC,,COSTA DEL SOL,,other,
COSTA DEL SOL PINEVILLE,10215 PARK RD,Charlotte,NC,,COSTA DEL SOL PINEVILLE,,other,
COSTCO #367 FOOD COURT,2125 MATTHEWS TOWNSHIP PY,Charlotte,NC,,COSTCO FOOD COURT,,other,
COTTAGE,6701 N TRYON ST,Charlotte,NC,,COTTAGE,,other,
COTTAGE,7705 S TRYON ST,Charlotte,NC,,COTTAGE,,other,
COTTAGE EXPRESS,7209 E W T HARRIS BV,Charlotte,NC,,COTTAGE EXPRESS,,other,
COUNTER,2001 W MOREHEAD ST,Charlotte,NC,,COUNTER,,other,
COUNTRY INN & SUITES,16617 STATESVILLE RD,Charlotte,NC,,COUNTRY INN & SUITES,,other,
COUNTRY INN & SUITES BY RADISSON,2541 LITTLE ROCK RD,Charlotte,NC,,COUNTRY INN & SUITES BY RADISSON,,other,
COUNTRY INN AND SUITES CHARLOTTE UNIVERSITY,131 E MCCULLOUGH DR,Charlotte,NC,,COUNTRY INN AND SUITES CHARLOTTE UNIVERSITY,,other,
COURTYARD BY MARRIOTT,8536 OUTLETS BV,Charlotte,NC,,COURTYARD BY MARRIOTT,,other,
COURTYARD BY MARRIOTT BALLANTYNE,15635 DON LOCHMAN LN,Charlotte,NC,,COURTYARD BY MARRIOTT BALLANTYNE,,other,
COURTYARD BY MARRIOTT CHARLOTTE ARROWOOD,800 W ARROWOOD RD,Charlotte,NC,,COURTYARD BY MARRIOTT CHARLOTTE ARROWOOD,,other,
COURTYARD CHARLOTTE WAVERLY,6319 PROVIDENCE FARM LN,Charlotte,NC,,COURTYARD CHARLOTTE WAVERLY,,other,
COURTYARD MARRIOT,2700 LITTLE ROCK RD,Charlotte,NC,,COURTYARD MARRIOT,,other,
COVENANT PRESBYTERIAN CHURCH,1000 E MOREHEAD ST,Charlotte,NC,,COVENANT PRESBYTERIAN CHURCH,,other,
COWBELL,201 N TRYON ST,Charlotte,NC,,COWBELL,,other,
"COWFISH, THE",4310 SHARON RD,Charlotte,NC,,COWFISH,,other,
CRACKIN CRAWFISH,440 E MCCULLOUGH DR,Charlotte,NC,,CRACKIN CRAWFISH,,other,
CRAFT ON 14 TRUIST CENTER,214 N TRYON ST,Charlotte,NC,,CRAFT ON TRUIST CENTER,,other,
CRAFT TASTING ROOM GROWLER SHOP,1320 S CHURCH ST,Charlotte,NC,,CRAFT TASTING ROOM GROWLER SHOP,,other,
CRAFTY BURGR N TAP,17015 KENTON DR,Charlotte,NC,,CRAFTY BURGR N TAP,,other,
CRAFTY BURGR N TAP ANTIQUITY,21726 CATAWBA AV,Charlotte,NC,,CRAFTY BURGR N TAP ANTIQUITY,,other,
CRAZY HORSE SHOWCLUB,5321 E INDEPENDENCE BV,Charlotte,NC,,CRAZY HORSE SHOWCLUB,,other,
"CRAZY PIG, THE",402 S MAIN ST,Charlotte,NC,,CRAZY PIG,,other,
CREATIVE CATERING,1401 ALLEN ST,Charlotte,NC,,CREATIVE CATERING,,other,
CRISPY BANH MI,2130 AYRSLEY TOWN BV,Charlotte,NC,,CRISPY BANH MI,,other,
CRISPY BANH MI,2934 SHAMROCK DR,Charlotte,NC,,CRISPY BANH MI,,other,
CRISPY BANH MI,5100 SOUTH BV,Charlotte,NC,,CRISPY BANH MI,,other,
CRISPY BANH MI #4,14825 BALLANTYNE VILLAGE WY,Charlotte,NC,,CRISPY BANH MI,,other,
CRU,3428 N TRYON ST,Charlotte,NC,,CRU,,other,
"CRUNKLETON, THE",1957 E 7TH ST,Charlotte,NC,,CRUNKLETON,,other,
CULINARY DROPOUT,1120 S TRYON ST,Charlotte,NC,,CULINARY DROPOUT,,other,
"CULTURE SHOP, THE",1425 KENNON ST,Charlotte,NC,,CULTURE SHOP,,other,
CULVERS OF CHARLOTTE,7031 UNIVERSITY CITY BV,Charlotte,NC,,CULVERS OF CHARLOTTE,,other,
CURRY GATE,630 W 24TH ST,Charlotte,NC,,CURRY GATE,,other,
CURRY GATE 2,5516 SOUTH BV,Charlotte,NC,,CURRY GATE,,other,
CURRY JUNCTION,8200 PROVIDENCE RD,Charlotte,NC,,CURRY JUNCTION,,other,
"CUSTOMSHOP, THE",1601 ELIZABETH AV,Charlotte,NC,,CUSTOMSHOP,,other,
CUZCATLAN,4800 CENTRAL AV,Charlotte,NC,,CUZCATLAN,,other,
CUZZOS CUISINE II,9601 N TRYON ST,Charlotte,NC,,CUZZOS CUISINE II,,other,
D.D. PECKERS WING SHACK,10403 PARK RD,Charlotte,NC,,D D PECKERS WING SHACK,,other,
DAHLIAS,123 E 5TH ST,Charlotte,NC,,DAHLIAS,,other,
"DAILY, THE",214 N CHURCH ST,Charlotte,NC,,DAILY,,other,
DAIRY QUEEN,108 S SHARON AMITY RD,Charlotte,NC,,DAIRY QUEEN,,other,
DAIRY QUEEN #11603,1819 MATTHEWS TOWNSHIP PY,Charlotte,NC,,DAIRY QUEEN,,other,
DAIRY QUEEN #12404,3020 PROSPERITY CHURCH RD,Charlotte,NC,,DAIRY QUEEN,,other,
DAIRY QUEEN EASTWAY #17165,3054 EASTWAY DR,Charlotte,NC,,DAIRY QUEEN EASTWAY,,other,
DAVE AND BUSTERS,11049 CAROLINA PLACE PY,Charlotte,NC,,DAVE AND BUSTERS,,other,
DAVIDSON SODA SHOP,104 S MAIN ST,Charlotte,NC,,DAVIDSON SODA SHOP,,other,
DAVIDSON VILLAGE INN,117 DEPOT ST,Charlotte,NC,,DAVIDSON VILLAGE INN,,other,
DEFY CHARLOTTE,8116 UNIVERSITY CITY BV,Charlotte,NC,,DEFY CHARLOTTE,,other,
"DEGENERATE, THE",2116 N DAVIDSON ST,Charlotte,NC,,DEGENERATE,,other,
DELTA SKY CLUB- CONCOURSE A,5501 JOSH BIRMINGHAM PY,Charlotte,NC,,DELTA SKY CLUB- CONCOURSE A,,other,
DELUXE THE FUN ART OF DINING,305 W 4TH ST,Charlotte,NC,,DELUXE THE FUN ART OF DINING,,other,
DENNYS #7646,4541 SUNSET RD,Charlotte,NC,,DENNYS,,other,
DEVON & BLAKELY,101 S TRYON ST,Charlotte,NC,,DEVON & BLAKELY,,other,
DILWORTH TASTING ROOM,300 E TREMONT AV,Charlotte,NC,,DILWORTH TASTING ROOM,,other,
DILWORTH TASTING ROOM SOUTHPARK,4905 ASHLEY PARK LN,Charlotte,NC,,DILWORTH TASTING ROOM SOUTHPARK,,other,
DINOS,350 E SUGAR CREEK RD,Charlotte,NC,,DINOS,,other,
DISH,1220 THOMAS AV,Charlotte,NC,,DISH,,other,
DISTRICT 57,1526 ALLEGHANY ST,Charlotte,NC,,DISTRICT,,other,
DIVE N,109 N POLK ST,Charlotte,NC,,DIVE N,,other,
DOGWOOD,601 S COLLEGE ST,Charlotte,NC,,DOGWOOD,,other,
DOLCE OSTERIA,1710 KENILWORTH AV,Charlotte,NC,,DOLCE OSTERIA,,other,
DON'S,321 N CALDWELL ST,Charlotte,NC,,DON S,,other,
DORCHESTER,12930 DORMAN RD,Charlotte,NC,,DORCHESTER,,other,
DOS CAMINOS,601 S TRYON ST,Charlotte,NC,,DOS CAMINOS,,other,
DOT DOT DOT,4237 PARK RD,Charlotte,NC,,DOT DOT DOT,,other,
DOUBLETREE SUITES BY HILTON CHARLOTTE SOUTHPARK,6300 CARNEGIE BV,Charlotte,NC,,DOUBLETREE SUITES BY HILTON CHARLOTTE SOUTHPARK,,other,
DR. CHARLES L. SIFFORD GOLF COURSE,1225 REMOUNT RD,Charlotte,NC,,DR CHARLES L SIFFORD GOLF COURSE,,other,
DRAGON BUFFET,8170 S TRYON ST,Charlotte,NC,,DRAGON BUFFET,,other,
DRURY INN & SUITES,415 W W T HARRIS BV,Charlotte,NC,,DRURY INN & SUITES,,other,
DRURY INN & SUITES CHARLOTTE ARROWOOD,8925 RED OAK BV,Charlotte,NC,,DRURY INN & SUITES CHARLOTTE ARROWOOD,,other,
DRURY INN AND SUITES,6920 NORTHLAKE MALL DR,Charlotte,NC,,DRURY INN AND SUITES,,other,
DTR PLAZA MIDWOOD,1413 CENTRAL AV,Charlotte,NC,,DTR PLAZA MIDWOOD,,other,
DUCK DONUTS,1710 KENILWORTH AV,Charlotte,NC,,DUCK DONUTS,,other,
DUKE MANSION,400 HERMITAGE RD,Charlotte,NC,,DUKE MANSION,,other,
"EAGLE, THE",2120 SOUTH BV,Charlotte,NC,,EAGLE,,other,
EARLY WAFFLE,11915 N TRYON ST,Charlotte,NC,,EARLY WAFFLE,,other,
EASY LIKE SUNDAY,1600 E WOODLAWN RD,Charlotte,NC,,EASY LIKE SUNDAY,,other,
EDEN OF PLAZA,1212 PECAN AV,Charlotte,NC,,EDEN OF PLAZA,,other,
EEZ FUSION,16925 BIRKDALE COMMONS PY,Charlotte,NC,,EEZ FUSION,,other,
EGGSPECTATION,14815 BALLANTYNE VILLAGE WY,Charlotte,NC,,EGGSPECTATION,,other,
EINSTEIN BAGELS #4030,1501 SOUTH BV,Charlotte,NC,,EINSTEIN BAGELS,,other,
EINSTEIN BROS. BAGELS #27462,1900 SELWYN AV,Charlotte,NC,,EINSTEIN BROS BAGELS,,other,
EINSTEIN BROS. BAGELS #4042,13736 CONLAN CR,Charlotte,NC,,EINSTEIN BROS BAGELS,,other,
EINSTEIN BROS. BAGELS #6137 - CONCOURSE E,5501 JOSH BIRMINGHAM PY,Charlotte,NC,,EINSTEIN BROS BAGELS - CONCOURSE E,,other,
EL BUEN GUSTO,410 WESTINGHOUSE BV,Charlotte,NC,,EL BUEN GUSTO,,other,
EL CARBONERO,4400 CENTRAL AV,Charlotte,NC,,EL CARBONERO,,other,
EL CILANTRO,4709 MARGARET WALLACE RD,Charlotte,NC,,EL CILANTRO,,other,
EL MALO HERMANITA,1705 CENTRAL AV,Charlotte,NC,,EL MALO HERMANITA,,other,
EL PAISANO,5846 ALBEMARLE RD,Charlotte,NC,,EL PAISANO,,other,
EL PULGARCITO,4816 CENTRAL AV,Charlotte,NC,,EL PULGARCITO,,other,
EL TACO VELOZ,6701 N TRYON ST,Charlotte,NC,,EL TACO VELOZ,,other,
ELEMENT CHARLOTTE UPTOWN,650 S CALDWELL ST,Charlotte,NC,,ELEMENT CHARLOTTE UPTOWN,,other,
ELY TORTILLERIA,6301 N TRYON ST,Charlotte,NC,,ELY TORTILLERIA,,other,
EMBASSY SUITES CHARLOTTE UPTOWN,401 E MARTIN LUTHER KING JR BV,Charlotte,NC,,EMBASSY SUITES CHARLOTTE UPTOWN,,other,
EMMY SQUARED SOUTH END,1932 HAWKINS ST,Charlotte,NC,,EMMY SQUARED SOUTH END,,other,
ESTAMPA GAUCHA,401 E MARTIN LUTHER KING JR BV,Charlotte,NC,,ESTAMPA GAUCHA,,other,
EUREST DINING,100 N TRYON ST,Charlotte,NC,,EUREST DINING,,other,
EUREST DINING,11625 NORTH COMMUNITY HOUSE RD,Charlotte,NC,,EUREST DINING,,other,
EUREST DINING,150 N COLLEGE ST,Charlotte,NC,,EUREST DINING,,other,
EUREST DINING AT ELECTROLUX,10200 DAVID TAYLOR DR,Charlotte,NC,,EUREST DINING AT ELECTROLUX,,other,
EVASION,4501 E INDEPENDENCE BV,Charlotte,NC,,EVASION,,other,
EVER ANDALO/GROWLERS POURHOUSE,3116 N DAVIDSON ST,Charlotte,NC,,EVER ANDALO/GROWLERS POURHOUSE,,other,
"EXCHANGE AT 36TH, THE",451 E 36TH ST,Charlotte,NC,,EXCHANGE AT 36TH,,other,
"EXCHANGE, THE",1515 S TRYON ST,Charlotte,NC,,EXCHANGE,,other,
FAHRENHEIT,222 S CALDWELL ST,Charlotte,NC,,FAHRENHEIT,,other,
FAIRFIELD INN & SUITES,7920 ARROWRIDGE BV,Charlotte,NC,,FAIRFIELD INN & SUITES,,other,
FAIRFIELD INN & SUITES CHARLOTTE,8540 E INDEPENDENCE BV,Charlotte,NC,,FAIRFIELD INN & SUITES CHARLOTTE,,other,
FAIRFIELD INN & SUITES UNIVERSITY,535 COLLINS-AIKMAN DR,Charlotte,NC,,FAIRFIELD INN & SUITES UNIVERSITY,,other,
FAIRFIELD INN AND SUITES,12228 PARK RD,Charlotte,NC,,FAIRFIELD INN AND SUITES,,other,
FAMILY DOUGH BAGELS,7102 BRIGHTON PARK DR,Charlotte,NC,,FAMILY DOUGH BAGELS,,other,
FAMOUS TOASTERY,12715 CONNER DR,Charlotte,NC,,FAMOUS TOASTERY,,other,
FAMOUS TOASTERY,2127 AYRSLEY TOWN BV,Charlotte,NC,,FAMOUS TOASTERY,,other,
FAMOUS TOASTERY,8933 J M KEYNES DR,Charlotte,NC,,FAMOUS TOASTERY,,other,
FAMOUS TOASTERY DAVIDSON,101 N MAIN ST,Charlotte,NC,,FAMOUS TOASTERY DAVIDSON,,other,
FAMOUS TOASTERY/BALLANTYNE,8430 REA RD,Charlotte,NC,,FAMOUS TOASTERY/BALLANTYNE,,other,
FAST LANE EATERY,13429 STATESVILLE RD,Charlotte,NC,,FAST LANE EATERY,,other,
FIN & FINO,135 LEVINE AVENUE OF THE ARTS,Charlotte,NC,,FIN & FINO,,other,
FIN AND FINO,8630 LINDHOLM DR,Charlotte,NC,,FIN AND FINO,,other,
FINZ AND FEATHERZ,700 ATANDO AV,Charlotte,NC,,FINZ AND FEATHERZ,,other,
FIREBIRDS,3920 SHARON RD,Charlotte,NC,,FIREBIRDS,,other,
FIREBIRDS/STONECREST,7716 REA RD,Charlotte,NC,,FIREBIRDS/STONECREST,,other,
FLIGHT,1949 E 7TH ST,Charlotte,NC,,FLIGHT,,other,
FLIP-A-LOS,7629 PINEVILLE-MATTHEWS RD,Charlotte,NC,,FLIP-A-LOS,,other,
FLOWER CHILD,1537 CAMDEN RD,Charlotte,NC,,FLOWER CHILD,,other,
FLOWER CHILD BALLANTYNE,15210 BOWL ST,Charlotte,NC,,FLOWER CHILD BALLANTYNE,,other,
FLY KID FLY,15119 BOWL ST,Charlotte,NC,,FLY KID FLY,,other,
FLYIN LION MINISTRIES,8600 MT HOLLY-HUNTERSVILLE RD,Charlotte,NC,,FLYIN LION MINISTRIES,,other,
FLYING BISCUIT,7930 REA RD,Charlotte,NC,,FLYING BISCUIT,,other,
FLYING SAUCER,9605 N TRYON ST,Charlotte,NC,,FLYING SAUCER,,other,
FOLIA,1440 S TRYON ST,Charlotte,NC,,FOLIA,,other,
FONDA LA TAQUIZA,5135 ALBEMARLE RD,Charlotte,NC,,FONDA LA TAQUIZA,,other,
FOOD FOR THOUGHT,5700 WESTPARK DR,Charlotte,NC,,FOOD FOR THOUGHT,,other,
FORCHETTA/FINANCIAL GRIND,230 N COLLEGE ST,Charlotte,NC,,FORCHETTA/FINANCIAL GRIND,,other,
FORTUNE COOKIE,1518 E 3RD ST,Charlotte,NC,,FORTUNE COOKIE,,other,
FORTUNE COOKIE 8,4005 SUNSET RD,Charlotte,NC,,FORTUNE COOKIE,,other,
FORTUNE COOKIE III,7211 E INDEPENDENCE BV,Charlotte,NC,,FORTUNE COOKIE III,,other,
FORTUNE COOKIE V,7320 THE PLAZA,Charlotte,NC,,FORTUNE COOKIE V,,other,
FOUR POINTS BY SHERATON CHARLOTTE-PINEVILLE,9705 LEITNER DR,Charlotte,NC,,FOUR POINTS BY SHERATON CHARLOTTE-PINEVILLE,,other,
FOXCROFT WINE CO,1235 EAST BV,Charlotte,NC,,FOXCROFT WINE,,other,
FOXCROFT WINE CO BIRKDALE,16915 BIRKDALE COMMONS PY,Charlotte,NC,,FOXCROFT WINE BIRKDALE,,other,
FOXCROFT WINE CO WAVERLY,7416 WAVERLY WALK AV,Charlotte,NC,,FOXCROFT WINE WAVERLY,,other,
FRANKIES OF CHARLOTTE,10621 BRYTON CORPORATE CENTER DR,Charlotte,NC,,FRANKIES OF CHARLOTTE,,other,
FRENCH QUARTER,321 S CHURCH ST,Charlotte,NC,,FRENCH QUARTER,,other,
FRESH CHEF,20601 TORRENCE CHAPEL RD,Charlotte,NC,,FRESH CHEF,,other,
FRESH CHEF 2,14007 NORTH CREEK VILLAGE DR,Charlotte,NC,,FRESH CHEF,,other,
FRESHLY FAST,100 N TRYON ST,Charlotte,NC,,FRESHLY FAST,,other,
FRESHWATERS FINE SOUTHERN & NEW ORLEANS CUISINE,516 N GRAHAM ST,Charlotte,NC,,FRESHWATERS FINE SOUTHERN & NEW ORLEANS CUISINE,,other,
FRIENDSHIP MISSIONARY BAPTIST CHURCH,3400 BEATTIES FORD RD,Charlotte,NC,,FRIENDSHIP MISSIONARY BAPTIST CHURCH,,other,
FU SHING,8134 MT HOLLY-HUNTERSVILLE RD,Charlotte,NC,,FU SHING,,other,
FUMEE,9539 PINNACLE DR,Charlotte,NC,,FUMEE,,other,
FUSION 108,10010 ROSE COMMONS DR,Charlotte,NC,,FUSION,,other,
FUSION BOWL CORNELIUS,19905 WEST CATAWBA AV,Charlotte,NC,,FUSION BOWL CORNELIUS,,other,
"GIN MILL, THE",1423 S TRYON ST,Charlotte,NC,,GIN MILL,,other,
GINBU 401,401 PROVIDENCE RD,Charlotte,NC,,GINBU,,other,
GO GO EMPANADAS,11229 E INDEPENDENCE BV,Charlotte,NC,,GO GO EMPANADAS,,other,
GODAVARI,2130 E ARBORS DR,Charlotte,NC,,GODAVARI,,other,
"GOLD CLUB, THE",5624 OLD PINEVILLE RD,Charlotte,NC,,GOLD CLUB,,other,
"GOLDEN COAST II, THE",3020 PROSPERITY CHURCH RD,Charlotte,NC,,GOLDEN COAST II,,other,
GOLDEN CORRAL,11025 E INDEPENDENCE BV,Charlotte,NC,,GOLDEN CORRAL,,other,
GOLDEN GATE EXPRESS,5708 N SHARON AMITY RD,Charlotte,NC,,GOLDEN GATE EXPRESS,,other,
GOLDEN TAIPEI,8511 DAVIS LAKE PY,Charlotte,NC,,GOLDEN TAIPEI,,other,
GOLDIES,3601 SOUTH BV,Charlotte,NC,,GOLDIES,,other,
GOOD FOOD,1701 MONTFORD DR,Charlotte,NC,,GOOD FOOD,,other,
GOOD FOOD EATERY BY FOOD GEEKS,5301 WILKINSON BV,Charlotte,NC,,GOOD FOOD EATERY BY FOOD GEEKS,,other,
"GOODYEAR HOUSE, THE",3032 N DAVIDSON ST,Charlotte,NC,,GOODYEAR HOUSE,,other,
GOURMAND,4425 SHARON RD,Charlotte,NC,,GOURMAND,,other,
GREAT AMERICAN BAGEL,5501 JOSH BIRMINGHAM PY,Charlotte,NC,,GREAT AMERICAN BAGEL,,other,
GREAT HARVEST BREAD CO MATTHEWS,110 MATTHEWS STATION ST,Charlotte,NC,,GREAT HARVEST BREAD MATTHEWS,,other,
GREAT HARVEST MALLARD CREEK,1824 EAST ARBORS DR,Charlotte,NC,,GREAT HARVEST MALLARD CREEK,,other,
GREAT WALL OF CHINA SOUTH,6666 CARMEL RD,Charlotte,NC,,GREAT WALL OF CHINA SOUTH,,other,
GREEN BROTHERS JUICE & SMOOTHIES CO SOUTHPARK,7802 FAIRVIEW RD,Charlotte,NC,,GREEN BROTHERS JUICE & SMOOTHIES SOUTHPARK,,other,
GREEN BROTHERS JUICE CO,2230 PARK RD,Charlotte,NC,,GREEN BROTHERS JUICE,,other,
GREEN BROTHERS JUICE COMPANY,16815 CRANLYN RD,Charlotte,NC,,GREEN BROTHERS JUICE COMPANY,,other,
GREEN BROTHERS PIPER GLEN,6432 REA RD,Charlotte,NC,,GREEN BROTHERS PIPER GLEN,,other,
GREEN BROTHERS SE,2725 SOUTH BV,Charlotte,NC,,GREEN BROTHERS SE,,other,
GUATE LINDA,6016 THE PLAZA,Charlotte,NC,,GUATE LINDA,,other,
GYU-KAKU,650 E BROOKLYN VILLAGE AV,Charlotte,NC,,GYU-KAKU,,other,
HABERDISH,3106 N DAVIDSON ST,Charlotte,NC,,HABERDISH,,other,
HABIBI LEBANON,408 S MAIN ST,Charlotte,NC,,HABIBI LEBANON,,other,
HALAL STREET FOOD,4044 CONNECTION POINT BV,Charlotte,NC,,HALAL STREET FOOD,,other,
HALAL STREET FOOD 002,701 KESWICK AV,Charlotte,NC,,HALAL STREET FOOD,,other,
HALFPENNY`S CONFECTIONS & CREAMERY,301 S TRYON ST,Charlotte,NC,,HALFPENNY S CONFECTIONS & CREAMERY,,other,
HAMPTON INN & SUITES,10305 WILMINGTON ST,Charlotte,NC,,HAMPTON INN & SUITES,,other,
HAMPTON INN & SUITES,401 TOWNE CENTRE BV,Charlotte,NC,,HAMPTON INN & SUITES,,other,
HAMPTON INN & SUITES,6220 CADEN RD,Charlotte,NC,,HAMPTON INN & SUITES,,other,
HAMPTON INN & SUITES,6700 PHILLIPS PLACE CT,Charlotte,NC,,HAMPTON INN & SUITES,,other,
HAMPTON INN & SUITES CHARLOTTE AIRPORT,2227 CASCADE POINTE BV,Charlotte,NC,,HAMPTON INN & SUITES CHARLOTTE AIRPORT,,other,
HAMPTON INN & SUITES CHARLOTTE AIRPORT,2731 LITTLE ROCK RD,Charlotte,NC,,HAMPTON INN & SUITES CHARLOTTE AIRPORT,,other,
HAMPTON INN & SUITES CHARLOTTE ARROWOOD,9110 SOUTHERN PINE BV,Charlotte,NC,,HAMPTON INN & SUITES CHARLOTTE ARROWOOD,,other,
HAMPTON INN & SUITES NORTHLAKE,7911 W W T HARRIS BV,Charlotte,NC,,HAMPTON INN & SUITES NORTHLAKE,,other,
HAMPTON INN BREAKFAST,9615 INDEPENDENCE POINTE PY,Charlotte,NC,,HAMPTON INN BREAKFAST,,other,
HAMPTON INN CHARLOTTE UPTOWN,530 E MARTIN LUTHER KING JR BV,Charlotte,NC,,HAMPTON INN CHARLOTTE UPTOWN,,other,
HAMPTON INN LAKE NORMAN,19501 STATESVILLE RD,Charlotte,NC,,HAMPTON INN LAKE NORMAN,,other,
HANGRY JOE'S #306,1339 W SUGAR CREEK RD,Charlotte,NC,,HANGRY JOE S,,other,
HARDEES #1501623,4201 E W T HARRIS BV,Charlotte,NC,,HARDEES,,other,
HARDEES #1501638,14101 STATESVILLE RD,Charlotte,NC,,HARDEES,,other,
HARRIS FOOD MART,8400 OLD STATESVILLE RD,Charlotte,NC,,HARRIS FOOD MART,,other,
HARRY L JONES SR GOLF COURSE,1525 W TYVOLA RD,Charlotte,NC,,HARRY L JONES SR GOLF COURSE,,other,
HARVEY`S,13812 CINNABAR PL,Charlotte,NC,,HARVEY S,,other,
"HAWK NEST CULINARY ARTS DEPT, THE",7400 TUCKASEEGEE RD,Charlotte,NC,,HAWK NEST CULINARY ARTS DEPT,,other,
HAZELNUTS CREPERIE,9830 REA RD,Charlotte,NC,,HAZELNUTS CREPERIE,,other,
HEFS @ CROWN POINT,2518 SARDIS RD N,Charlotte,NC,,HEFS CROWN POINT,,other,
HELLENIC,1436 SOUTH BV,Charlotte,NC,,HELLENIC,,other,
HELLO SAILOR,20210 HENDERSON RD,Charlotte,NC,,HELLO SAILOR,,other,
HESTIA,14819 BALLANTYNE VILLAGE WY,Charlotte,NC,,HESTIA,,other,
HIGH FIVE PLAYHOUSE,10101 E INDEPENDENCE BV,Charlotte,NC,,HIGH FIVE PLAYHOUSE,,other,
HIGHLAND CREEK GOLF CLUB,7101 HIGHLAND CREEK PY,Charlotte,NC,,HIGHLAND CREEK GOLF CLUB,,other,
HILLSIDE CARIBBEAN,1113 PEGRAM ST,Charlotte,NC,,HILLSIDE CARIBBEAN,,other,
HILTON CHARLOTTE AIRPORT,2800 COLISEUM CENTRE DR,Charlotte,NC,,HILTON CHARLOTTE AIRPORT,,other,
HILTON GARDEN INN,1920 AYRSLEY TOWN BV,Charlotte,NC,,HILTON GARDEN INN,,other,
HILTON GARDEN INN CHARLOTTE AIRPORT,2400 CASCADE POINTE BV,Charlotte,NC,,HILTON GARDEN INN CHARLOTTE AIRPORT,,other,
HILTON GARDEN INN CHARLOTTE UPTOWN,508 E MARTIN LUTHER KING JR BV,Charlotte,NC,,HILTON GARDEN INN CHARLOTTE UPTOWN,,other,
HILTON GARDEN INN WAVERLY,7415 WAVERLY WALK AV,Charlotte,NC,,HILTON GARDEN INN WAVERLY,,other,
HINDU CENTER OF CHARLOTTE,7400 CITY VIEW DR,Charlotte,NC,,HINDU CENTER OF CHARLOTTE,,other,
HINSONS DRIVE IN,2761 CPCC LN,Charlotte,NC,,HINSONS DRIVE IN,,other,
HO HO CHERRY HOUSE,2001 E 7TH ST,Charlotte,NC,,HO HO CHERRY HOUSE,,other,
HOLIDAY INN EXPRESS,1617 S TRYON ST,Charlotte,NC,,HOLIDAY INN EXPRESS,,other,
HOLIDAY INN EXPRESS & SUITES,108 AIRPORT COMMONS DR,Charlotte,NC,,HOLIDAY INN EXPRESS & SUITES,,other,
HOLIDAY INN EXPRESS & SUITES,15139 BALLANCROFT PY,Charlotte,NC,,HOLIDAY INN EXPRESS & SUITES,,other,
HOLIDAY INN EXPRESS & SUITES,7808 SAVOY CORPORATE DR,Charlotte,NC,,HOLIDAY INN EXPRESS & SUITES,,other,
HOLIDAY INN EXPRESS & SUITES CHARLOTTE NORTH,7230 SMITH CORNERS BV,Charlotte,NC,,HOLIDAY INN EXPRESS & SUITES CHARLOTTE NORTH,,other,
HOLIDAY INN EXPRESS - MATTHEWS,9420 E INDEPENDENCE BV,Charlotte,NC,,HOLIDAY INN EXPRESS - MATTHEWS,,other,
HOLIDAY INN EXPRESS UNIVERSITY,6020 UNIVERSITY POINTE BV,Charlotte,NC,,HOLIDAY INN EXPRESS UNIVERSITY,,other,
HOLY JOES MEATS & MORE/NAWABS KEBABS,10210 BERKELEY PLACE DR,Charlotte,NC,,HOLY JOES MEATS & MORE/NAWABS KEBABS,,other,
HOME 2 SUITES BY HILTON CHARLOTTE AIRPORT,4240 SCOTT FUTRELL DR,Charlotte,NC,,HOME SUITES BY HILTON CHARLOTTE AIRPORT,,other,
HOME 2 SUITES BY HILTON NORTHLAKE,7227 SMITH CORNERS BV,Charlotte,NC,,HOME SUITES BY HILTON NORTHLAKE,,other,
HOME 2 SUITES BY HILTON PIPER GLEN,5110 PIPER STATION DR,Charlotte,NC,,HOME SUITES BY HILTON PIPER GLEN,,other,
HOME 2 SUITES CHARLOTTE,6025 TYVOLA GLEN CR,Charlotte,NC,,HOME SUITES CHARLOTTE,,other,
HOME 2 SUITES CHARLOTTE UPTOWN,610 S CALDWELL ST,Charlotte,NC,,HOME SUITES CHARLOTTE UPTOWN,,other,
HOMESTYLE KITCHN,314 N COLLEGE ST,Charlotte,NC,,HOMESTYLE KITCHN,,other,
HOMEWOOD SUITES,12030 COPPER WY,Charlotte,NC,,HOMEWOOD SUITES,,other,
HOMEWOOD SUITES BY HILTON CHARLOTTE ARYSLEY,1921 AYRSLEY TOWN BV,Charlotte,NC,,HOMEWOOD SUITES BY HILTON CHARLOTTE ARYSLEY,,other,
HOMEWOOD SUITES BY HILTON DAVIDSON,125 HARBOUR PLACE DR,Charlotte,NC,,HOMEWOOD SUITES BY HILTON DAVIDSON,,other,
HOMEWOOD SUITES CHARLOTTE UPTOWN 1ST WARD,508 N COLLEGE ST,Charlotte,NC,,HOMEWOOD SUITES CHARLOTTE UPTOWN 1ST WARD,,other,
HONEY BAKED HAM COMPANY,20609 TORRENCE CHAPEL RD,Charlotte,NC,,HONEY BAKED HAM COMPANY,,other,
HONEY BAKED HAMS #114,7649 PINEVILLE-MATTHEWS RD,Charlotte,NC,,HONEY BAKED HAMS,,other,
HONEYBAKED HAM #110,5700 UNIVERSITY POINTE BV,Charlotte,NC,,HONEYBAKED HAM,,other,
HOOK & REEL,14142 RIVERGATE PY,Charlotte,NC,,HOOK & REEL,,other,
HOOTERS OF SOUTH CHARLOTTE,9807 SOUTH BV,Charlotte,NC,,HOOTERS OF SOUTH CHARLOTTE,,other,
HOP FENG II,9229 LAWYERS RD,Charlotte,NC,,HOP FENG II,,other,
HOPE HAVEN,3815 N TRYON ST,Charlotte,NC,,HOPE HAVEN,,other,
"HORSESHOE, THE",1515 S MINT ST,Charlotte,NC,,HORSESHOE,,other,
HOUSE OF LENG,2712 W MALLARD CREEK CHURCH RD,Charlotte,NC,,HOUSE OF LENG,,other,
HOUSE OF TAIPEI,16500 NORTHCROSS DR,Charlotte,NC,,HOUSE OF TAIPEI,,other,
HUNAN EXPRESS,901 N WENDOVER RD,Charlotte,NC,,HUNAN EXPRESS,,other,
HUNGRY HOWIES #611,8334 PINEVILLE-MATTHEWS RD,Charlotte,NC,,HUNGRY HOWIES,,other,
HUNTER HOUSE & GARDENS,13811 S OLD STATESVILLE RD,Charlotte,NC,,HUNTER HOUSE & GARDENS,,other,
HYATT CENTRIC,3100 APEX DR,Charlotte,NC,,HYATT CENTRIC,,other,
HYATT HOUSE CHARLOTTE REA FARMS,9930 SANDY ROCK PL,Charlotte,NC,,HYATT HOUSE CHARLOTTE REA FARMS,,other,
HYATT PLACE,640 UNIVERSITY CENTER BV,Charlotte,NC,,HYATT PLACE,,other,
HYATT PLACE CHARLOTTE AIRPORT TYVOLA ROAD,2950 OAK LAKE BV,Charlotte,NC,,HYATT PLACE CHARLOTTE AIRPORT TYVOLA ROAD,,other,
HYATT PLACE CHARLOTTE/ARROWOOD BREAKFAST,7900 FOREST POINT BV,Charlotte,NC,,HYATT PLACE CHARLOTTE/ARROWOOD BREAKFAST,,other,
HYATT PLACE-CHARLOTTE CITY PARK,4119 SOUTH STREAM BV,Charlotte,NC,,HYATT PLACE-CHARLOTTE CITY PARK,,other,
I LOVE MAC & CHEESE,3016 WEDDINGTON RD,Charlotte,NC,,I LOVE MAC & CHEESE,,other,
IHOP #3423,16015 LANCASTER HY,Charlotte,NC,,IHOP,,other,
IHOP #3488,5815 HIGHLAND SHOPPES DR,Charlotte,NC,,IHOP,,other,
IHOP #4431,134 W WOODLAWN RD,Charlotte,NC,,IHOP,,other,
IHOP #4506,8146 S TRYON ST,Charlotte,NC,,IHOP,,other,
IHOP #492 MATTHEWS,9253 E INDEPENDENCE BV,Charlotte,NC,,IHOP MATTHEWS,,other,
ILIOS CRAFTED GREEK STONECREST,7926 REA RD,Charlotte,NC,,ILIOS CRAFTED GREEK STONECREST,,other,
ILIOS NOCHE,11508 PROVIDENCE RD,Charlotte,NC,,ILIOS NOCHE,,other,
"IMPERIAL TREASURE, THE",1826 WINDSOR SQUARE DR,Charlotte,NC,,IMPERIAL TREASURE,,other,
IMPROPER PIG REA FARMS,9855 SANDY ROCK PL,Charlotte,NC,,IMPROPER PIG REA FARMS,,other,
INCHINS BAMBOO GARDEN,9601 N TRYON ST,Charlotte,NC,,INCHINS BAMBOO GARDEN,,other,
INDACO CHARLOTTE,2046 SOUTH BV,Charlotte,NC,,INDACO CHARLOTTE,,other,
INFINITY LIVE,7004 SMITH CORNERS BV,Charlotte,NC,,INFINITY LIVE,,other,
INK N IVY,222 S CHURCH ST,Charlotte,NC,,INK N IVY,,other,
INTERNATIONAL HOUSE OF PANCAKES #4500,230 E W T HARRIS BV,Charlotte,NC,,INTERNATIONAL HOUSE OF PANCAKES,,other,
INTOWN GOLF CLUB,4425 SHARON RD,Charlotte,NC,,INTOWN GOLF CLUB,,other,
IRIE NATION,440 E MCCULOUGH DR,Charlotte,NC,,IRIE NATION,,other,
IRISH CUE,19507 WEST CATAWBA AV,Charlotte,NC,,IRISH CUE,,other,
IRON DISH,9605 N TRYON ST,Charlotte,NC,,IRON DISH,,other,
ISLAND CUISINE,2025 EAST ARBORS DR,Charlotte,NC,,ISLAND CUISINE,,other,
ISLAND FIN POKE CO,4833 BEREWICK TOWN CENTER DR,Charlotte,NC,,ISLAND FIN POKE,,other,
JACK BEAGLES,3213 N DAVIDSON ST,Charlotte,NC,,JACK BEAGLES,,other,
JACK BEAGLES 3,1404 W MOREHEAD ST,Charlotte,NC,,JACK BEAGLES,,other,
JACK IN THE BOX,7806 FOREST POINT BV,Charlotte,NC,,JACK IN THE BOX,,other,
JACK IN THE BOX #6804,7000 W W T HARRIS BV,Charlotte,NC,,JACK IN THE BOX,,other,
JACK IN THE BOX #6807,405 WESTINGHOUSE BV,Charlotte,NC,,JACK IN THE BOX,,other,
JACK IN THE BOX #6819,10121 N TRYON ST,Charlotte,NC,,JACK IN THE BOX,,other,
JACK IN THE BOX #6825,10730 S TRYON ST,Charlotte,NC,,JACK IN THE BOX,,other,
JACK IN THE BOX #6826,220 N HOSKINS RD,Charlotte,NC,,JACK IN THE BOX,,other,
JACK IN THE BOX #6835,7725 PINEVILLE-MATTHEWS RD,Charlotte,NC,,JACK IN THE BOX,,other,
JACK IN THE BOX #6850,4505 RANDOLPH RD,Charlotte,NC,,JACK IN THE BOX,,other,
JACK`S CORNER TAP,8301 MAGNOLIA ESTATES DR,Charlotte,NC,,JACK S CORNER TAP,,other,
JADE DRAGON,7741 COLONY RD,Charlotte,NC,,JADE DRAGON,,other,
JASMINE BUFFET,2305 WESTINGHOUSE BV,Charlotte,NC,,JASMINE BUFFET,,other,
JENIS SPLENDID ICE CREAM BLAKNEY,9828 REA RD,Charlotte,NC,,JENIS SPLENDID ICE CREAM BLAKNEY,,other,
JENIS SPLENDID ICE CREAM NODA,416 E 36TH ST,Charlotte,NC,,JENIS SPLENDID ICE CREAM NODA,,other,
JENIS SPLENDID ICE CREAM PARK ROAD,4203 PARK RD,Charlotte,NC,,JENIS SPLENDID ICE CREAM PARK ROAD,,other,
JENIS SPLENDID ICE CREAM SOUTHEND,1930 CAMDEN RD,Charlotte,NC,,JENIS SPLENDID ICE CREAM SOUTHEND,,other,
JERSEY MIKE'S #3134,10125 PERIMETER PY,Charlotte,NC,,JERSEY MIKE S,,other,
JIMMY  JOHN'S #2154,9130 HARRIS CORNERS PY,Charlotte,NC,,JIMMY JOHN S,,other,
JIMMY JOHN'S # 4385,4923 TROJAN DR,Charlotte,NC,,JIMMY JOHN S,,other,
JIMMY JOHN'S #2155,9525 BIRKDALE CROSSING DR,Charlotte,NC,,JIMMY JOHN S,,other,
JIMMY JOHN'S #2156,19732 WEST CATAWBA AV,Charlotte,NC,,JIMMY JOHN S,,other,
JIMMY JOHN'S #4132 WHITEHALL,7808 S TRYON ST,Charlotte,NC,,JIMMY JOHN S WHITEHALL,,other,
JIMMY JOHN`S #987,3014 DRIWOOD CT,Charlotte,NC,,JIMMY JOHN S,,other,
"JIMMY, THE",2839 SELWYN AV,Charlotte,NC,,JIMMY,,other,
JIN JIN,14231 MARKET SQUARE DR,Charlotte,NC,,JIN JIN,,other,
JJ'S RED HOTS,1514 EAST BV,Charlotte,NC,,JJ S RED HOTS,,other,
JOHNNY BRUSCOS,9515 RIVERBEND VILLAGE DR,Charlotte,NC,,JOHNNY BRUSCOS,,other,
JONATHANS,10630 INDEPENDENCE POINTE PY,Charlotte,NC,,JONATHANS,,other,
JOYS BIRYANI N KABABS,212 N POLK ST,Charlotte,NC,,JOYS BIRYANI N KABABS,,other,
JUAN LOCO,8301 MAGNOLIA ESTATES DR,Charlotte,NC,,JUAN LOCO,,other,
JUST FRESH,301 S TRYON ST,Charlotte,NC,,JUST FRESH,,other,
JUST FRESH #013,5900 QUAIL HOLLOW RD,Charlotte,NC,,JUST FRESH,,other,
JUST PLAY,9535 SOUTH BV,Charlotte,NC,,JUST PLAY,,other,
KABAB 2 GO,4200 SOUTH BV,Charlotte,NC,,KABAB GO,,other,
KABUTO,1001 E W T HARRIS BV,Charlotte,NC,,KABUTO,,other,
KABUTO 51 OF CHARLOTTE INC,7724 PINEVILLE-MATTHEWS RD,Charlotte,NC,,KABUTO OF CHARLOTTE,,other,
KEN COOKS,430 OLD LITTLE ROCK RD,Charlotte,NC,,KEN COOKS,,other,
KID CASHEW FARMER BUTCHER,1608 EAST BV,Charlotte,NC,,KID CASHEW FARMER BUTCHER,,other,
KING FISH POKE,350 E MCCULLOUGH DR,Charlotte,NC,,KING FISH POKE,,other,
KOZI ITALIAN STREET FOOD,11318 NORTH COMMUNITY HOUSE RD,Charlotte,NC,,KOZI ITALIAN STREET FOOD,,other,
KRAZY CURRY,9101 PINEVILLE-MATTHEWS RD,Charlotte,NC,,KRAZY CURRY,,other,
KS ASIAN XPRESS,10102 ALBEMARLE RD,Charlotte,NC,,KS ASIAN XPRESS,,other,
KUNG FOO,8625 LINDHOLM DR,Charlotte,NC,,KUNG FOO,,other,
LA BELLE HELENE,300 S TRYON,Charlotte,NC,,LA BELLE HELENE,,other,
LA CAPITAL MX,1910 SOUTH BV,Charlotte,NC,,LA CAPITAL MX,,other,
LA CATRACHA,820 E ARROWOOD RD,Charlotte,NC,,LA CATRACHA,,other,
LA FETE,555 S MCDOWELL ST,Charlotte,NC,,LA FETE,,other,
LA FONDA COLOMBIANA,11329 E INDEPENDENCE BV,Charlotte,NC,,LA FONDA COLOMBIANA,,other,
LA LUNA 2,8829 E W T HARRIS BV,Charlotte,NC,,LA LUNA,,other,
LA PANADERIA,11229 E INDEPENDENCE BV,Charlotte,NC,,LA PANADERIA,,other,
LA PARISIENNE COCOTTE,9623 BAILEY RD,Charlotte,NC,,LA PARISIENNE COCOTTE,,other,
LA SA SON BY WINTER,4200 SOUTH BV,Charlotte,NC,,LA SA SON BY WINTER,,other,
LA SHISH KABAB,3117 N SHARON AMITY RD,Charlotte,NC,,LA SHISH KABAB,,other,
LA VICTORIA,16139 LANCASTER HY,Charlotte,NC,,LA VICTORIA,,other,
LAI LAI EXPRESS,1607 MONTFORD DR,Charlotte,NC,,LAI LAI EXPRESS,,other,
LAKE NORMAN RESIDENCE INN,16830 KENTON DR,Charlotte,NC,,LAKE NORMAN RESIDENCE INN,,other,
LANZHOU HAND-PULLED NOODLES,929 PARK CENTER DR,Charlotte,NC,,LANZHOU HAND-PULLED NOODLES,,other,
LAS MARGARITAS,4426 E INDEPENDENCE BV,Charlotte,NC,,LAS MARGARITAS,,other,
LAS MERAS TORTAS,14601 STATESVILLE RD,Charlotte,NC,,LAS MERAS TORTAS,,other,
LAS MERAS TORTAS,5661 FARM POND LN,Charlotte,NC,,LAS MERAS TORTAS,,other,
LAWRENCE CARIBBEAN,3011 WEST BV,Charlotte,NC,,LAWRENCE CARIBBEAN,,other,
LEES HOAGIE HOUSE,15025 LANCASTER HY,Charlotte,NC,,LEES HOAGIE HOUSE,,other,
LEGION BREWING,5610 CARNEGIE BV,Charlotte,NC,,LEGION BREWING,,other,
LEGION BREWING MOREHEAD,2013 W MOREHEAD ST,Charlotte,NC,,LEGION BREWING MOREHEAD,,other,
LENNY BOY BREWING CO,3000 S TRYON ST,Charlotte,NC,,LENNY BOY BREWING,,other,
LEOS ITALIAN SOCIAL,4720 PIEDMONT ROW DR,Charlotte,NC,,LEOS ITALIAN SOCIAL,,other,
LEROY FOX,705 S SHARON AMITY RD,Charlotte,NC,,LEROY FOX,,other,
LEROY FOX II,1616 CAMDEN RD,Charlotte,NC,,LEROY FOX II,,other,
LETS MEAT,1400 S CHURCH ST,Charlotte,NC,,LETS MEAT,,other,
LIMANI,6902 PHILLIPS PLACE CT,Charlotte,NC,,LIMANI,,other,
LINK & PIN,9723 SAM FURR RD,Charlotte,NC,,LINK & PIN,,other,
LINK & PIN #4102,8128 PROVIDENCE RD,Charlotte,NC,,LINK & PIN,,other,
LOCAL LOAF EATERY,800 E 35TH ST,Charlotte,NC,,LOCAL LOAF EATERY,,other,
LOCAL THE,105 E 5TH ST,Charlotte,NC,,LOCAL,,other,
LOCKER ROOM #306-310,800 S MINT ST,Charlotte,NC,,LOCKER ROOM -,,other,
"LODGE, THE",7725 COLONY RD,Charlotte,NC,,LODGE,,other,
LONDON D'S,832 E 4TH ST,Charlotte,NC,,LONDON D S,,other,
LOONG ASIAN CUISINE,9815 SAM FURR RD,Charlotte,NC,,LOONG ASIAN CUISINE,,other,
LOS CHAMOS CHARLOTTE,7001 SOUTH BV,Charlotte,NC,,LOS CHAMOS CHARLOTTE,,other,
LOS REYES II,7308 E INDEPENDENCE BV,Charlotte,NC,,LOS REYES II,,other,
LOTUS CUISINE II,4100 CARMEL RD,Charlotte,NC,,LOTUS CUISINE II,,other,
LOVES TRAVEL STOPS & COUNTRY STORES #714,2603 SAM WILSON RD,Charlotte,NC,,LOVES TRAVEL STOPS & COUNTRY STORES,,other,
LUCKY STRIKE,1700 MONTFORD DR,Charlotte,NC,,LUCKY STRIKE,,other,
LUCKY STRIKE MATTHEWS,11210 BRIGMAN RD,Charlotte,NC,,LUCKY STRIKE MATTHEWS,,other,
LULABELLES,9335 CENTER LAKE DR,Charlotte,NC,,LULABELLES,,other,
LULU'S EXPRESS,2400 TUCKASEEGEE RD,Charlotte,NC,,LULU S EXPRESS,,other,
MABI COCINA TROPICAL,416 E 36TH ST,Charlotte,NC,,MABI COCINA TROPICAL,,other,
MAC'S SPEED SHOP-MATTHEWS,142 E JOHN ST,Charlotte,NC,,MAC S SPEED SHOP-MATTHEWS,,other,
MACCHU PICCHU,123 MAIN ST,Charlotte,NC,,MACCHU PICCHU,,other,
MAC`S SPEED SHOP,19601 LIVERPOOL PY,Charlotte,NC,,MAC S SPEED SHOP,,other,
MAC`S SPEED SHOP,2414 SANDY PORTER RD,Charlotte,NC,,MAC S SPEED SHOP,,other,
MAC`S SPEED SHOP,2511 SOUTH BV,Charlotte,NC,,MAC S SPEED SHOP,,other,
MAGGIANOS LITTLE ITALY,4400 SHARON RD,Charlotte,NC,,MAGGIANOS LITTLE ITALY,,other,
MAHANA FRESH BALLANTYNE,14815 BALLANTYNE VILLAGE WY,Charlotte,NC,,MAHANA FRESH BALLANTYNE,,other,
MAIZ AGUA SAL TORTILLERIA,1018 JAY ST,Charlotte,NC,,MAIZ AGUA SAL TORTILLERIA,,other,
MAL PAN SOUTHPARK,4625 PIEDMONT ROW DR,Charlotte,NC,,MAL PAN SOUTHPARK,,other,
MAMA MIA TOO,101 N MAXWELL AV,Charlotte,NC,,MAMA MIA TOO,,other,
MAMA RICOTTAS/GK,601 S KINGS DR,Charlotte,NC,,MAMA RICOTTAS/GK,,other,
MAMAKA BOWLS,200 W TREMONT AV,Charlotte,NC,,MAMAKA BOWLS,,other,
MANHATTAN BAGEL,8040 PROVIDENCE RD,Charlotte,NC,,MANHATTAN BAGEL,,other,
MANO BELLA ITALIAN ARTISAN FOOD,721 GOVERNOR MORRISON ST,Charlotte,NC,,MANO BELLA ITALIAN ARTISAN FOOD,,other,
MARGARITAS MOUNTAIN ISLAND,3818 CORNING PL,Charlotte,NC,,MARGARITAS MOUNTAIN ISLAND,,other,
MARIPOSA,500 S TRYON ST,Charlotte,NC,,MARIPOSA,,other,
MARISCOS NAYARIT,6023 ALBEMARLE RD,Charlotte,NC,,MARISCOS NAYARIT,,other,
"MARQUEE LOUNGE, THE",3131 TUCKASEEGEE RD,Charlotte,NC,,MARQUEE LOUNGE,,other,
MASALA MASTEE,107 N MAIN ST,Charlotte,NC,,MASALA MASTEE,,other,
MATADOR,1215 SOUTH BV,Charlotte,NC,,MATADOR,,other,
MCDONALD'S,2820 BOYER ST,Charlotte,NC,,MCDONALD S,,other,
MCDONALD'S #13052,413 TYVOLA RD,Charlotte,NC,,MCDONALD S,,other,
MCDONALD'S #14547,20500 TORRENCE CHAPEL RD,Charlotte,NC,,MCDONALD S,,other,
MCDONALD'S #31295,9710 REA RD,Charlotte,NC,,MCDONALD S,,other,
MCDONALD'S #6685,1201 W SUGAR CREEK RD,Charlotte,NC,,MCDONALD S,,other,
MCDONALD'S TRYON #6788,4440 S TRYON ST,Charlotte,NC,,MCDONALD S TRYON,,other,
MCDONALD`S #31213,14110 RIVERGATE PY,Charlotte,NC,,MCDONALD S,,other,
MCGUIRE OFFICE COMPLEX,13225 MCGUIRE NUCLEAR STATION RD,Charlotte,NC,,MCGUIRE OFFICE COMPLEX,,other,
MCKOY`S SMOKEHOUSE AND SALOON,4630 OLD PINEVILLE RD,Charlotte,NC,,MCKOY S SMOKEHOUSE AND SALOON,,other,
MECK COUNTY JAIL NORTH FOODSVC,5235 SPECTOR DR,Charlotte,NC,,MECK COUNTY JAIL NORTH FOODSVC,,other,
MEGA BALEADA,7631 SHARON LAKES RD,Charlotte,NC,,MEGA BALEADA,,other,
MELLOW MUSHROOM #139,14835 BALLANTYNE VILLAGE WY,Charlotte,NC,,MELLOW MUSHROOM,,other,
MELLOW MUSHROOM #169,255 W MARTIN LUTHER KING JR BV,Charlotte,NC,,MELLOW MUSHROOM,,other,
MELTING POT,901 S KINGS DR,Charlotte,NC,,MELTING POT,,other,
"MELTING POT, THE",16625 STATESVILLE RD,Charlotte,NC,,MELTING POT,,other,
MENS CLUB OF CHARLOTTE,444 TYVOLA RD,Charlotte,NC,,MENS CLUB OF CHARLOTTE,,other,
MENYA DARUMA,1941 E 7TH ST,Charlotte,NC,,MENYA DARUMA,,other,
MERCHANT AND TRADE,303 S CHURCH ST,Charlotte,NC,,MERCHANT AND TRADE,,other,
MERCY HOSPITAL,2001 VAIL AV,Charlotte,NC,,MERCY HOSPITAL,,other,
MERE'S,2400 PARK RD,Charlotte,NC,,MERE S,,other,
MERTS HEART & SOUL,214 N COLLEGE ST,Charlotte,NC,,MERTS HEART & SOUL,,other,
MEZZANOTTE,2907 PROVIDENCE RD,Charlotte,NC,,MEZZANOTTE,,other,
MI PUEBLO #11,1820 SARDIS RD N,Charlotte,NC,,MI PUEBLO,,other,
MI TIERRA,3209 EASTWAY DR,Charlotte,NC,,MI TIERRA,,other,
MICH TOCUMBO,6300 SOUTH BV,Charlotte,NC,,MICH TOCUMBO,,other,
MICH TOCUMBO,6301 N TRYON ST,Charlotte,NC,,MICH TOCUMBO,,other,
MICO AT GRAND BOHEMIAN,201 W TRADE ST,Charlotte,NC,,MICO AT GRAND BOHEMIAN,,other,
MICROSOFT PSS,8055 MICROSOFT WY,Charlotte,NC,,MICROSOFT PSS,,other,
MIDDAY AT THE TOWER,1718 E 4TH ST,Charlotte,NC,,MIDDAY AT THE TOWER,,other,
MIDDLE C JAZZ,300 SOUTH BREVARD AVE,Charlotte,NC,,MIDDLE C JAZZ,,other,
MIDDLE JAMES BREWING COMPANY,400 N POLK ST,Charlotte,NC,,MIDDLE JAMES BREWING COMPANY,,other,
MIDWOOD SMOKEHOUSE BIRKDALE/GK,16710 BIRKDALE COMMONS PY,Charlotte,NC,,MIDWOOD SMOKEHOUSE BIRKDALE/GK,,other,
MIDWOOD SMOKEHOUSE CLT AIRPORT,5501 JOSH BIRMINGHAM PY,Charlotte,NC,,MIDWOOD SMOKEHOUSE CLT AIRPORT,,other,
MIDWOOD SMOKEHOUSE OF BALLANTYNE/GK,12410 JOHNSTON RD,Charlotte,NC,,MIDWOOD SMOKEHOUSE OF BALLANTYNE/GK,,other,
MIDWOOD SMOKEHOUSE/GK,1401 CENTRAL AV,Charlotte,NC,,MIDWOOD SMOKEHOUSE/GK,,other,
MIDWOOD SMOKEHOUSE/GK,540 BRANDYWINE RD,Charlotte,NC,,MIDWOOD SMOKEHOUSE/GK,,other,
MILKBREAD DAVIDSON,624 JETTON ST,Charlotte,NC,,MILKBREAD DAVIDSON,,other,
MILKBREAD MIDWOOD,1431 CENTRAL AV,Charlotte,NC,,MILKBREAD MIDWOOD,,other,
MILY AND LALO,3210 N SHARON AMITY RD,Charlotte,NC,,MILY AND LALO,,other,
MIZU,3100 APEX DR,Charlotte,NC,,MIZU,,other,
MONDAY NIGHT BREWING,2217 S TRYON ST,Charlotte,NC,,MONDAY NIGHT BREWING,,other,
MOO & BREW,1300 CENTRAL AV,Charlotte,NC,,MOO & BREW,,other,
MOO & BREW MATTHEWS,250 N TRADE ST,Charlotte,NC,,MOO & BREW MATTHEWS,,other,
MOREHEAD INN,1122 E MOREHEAD ST,Charlotte,NC,,MOREHEAD INN,,other,
MOUNTAIN ISLAND BP,2211 VINNIE'S WY,Charlotte,NC,,MOUNTAIN ISLAND BP,,other,
MR GS,5027 MORRIS FIELD DR,Charlotte,NC,,MR GS,,other,
MR TOKYO MATTHEWS,10412 E INDEPENDENCE BV,Charlotte,NC,,MR TOKYO MATTHEWS,,other,
MSC INDUSTRIAL SUPPLY,525 HARBOUR PLACE DR,Charlotte,NC,,MSC INDUSTRIAL SUPPLY,,other,
MUGS,5126 PARK RD,Charlotte,NC,,MUGS,,other,
MURAYA,200 E BLAND ST,Charlotte,NC,,MURAYA,,other,
MYERS PARK UNITED METHODIST CHURCH,1501 QUEENS RD,Charlotte,NC,,MYERS PARK UNITED METHODIST CHURCH,,other,
NANA MORRISON'S SOUL FOOD,2908 OAK LAKE BV,Charlotte,NC,,NANA MORRISON S SOUL FOOD,,other,
NANA MORRISONS SOUL FOOD #2,3824 CORNING PL,Charlotte,NC,,NANA MORRISONS SOUL FOOD,,other,
NAPA ON PROVIDENCE,110 PERRIN PL,Charlotte,NC,,NAPA ON PROVIDENCE,,other,
NAUTICAL BOWLS ARBORETUM,8040 PROVIDENCE RD,Charlotte,NC,,NAUTICAL BOWLS ARBORETUM,,other,
NEW ASIAN CUISINE,7114 BRIGHTON PARK DR,Charlotte,NC,,NEW ASIAN CUISINE,,other,
NEW CHINA TASTE,8112 IDLEWILD RD,Charlotte,NC,,NEW CHINA TASTE,,other,
NEW YORK BUTCHER SHOPPE,20823 N MAIN ST,Charlotte,NC,,NEW YORK BUTCHER SHOPPE,,other,
NEW YORK BUTCHER SHOPPE,2452 PARK RD,Charlotte,NC,,NEW YORK BUTCHER SHOPPE,,other,
NGUYENS NOODLES,3615 WHITEHALL PARK DR,Charlotte,NC,,NGUYENS NOODLES,,other,
NH PRESBYTERIAN MEDICAL CENTER,200 HAWTHORNE LN,Charlotte,NC,,NH PRESBYTERIAN MEDICAL CENTER,,other,
NICHOLS #6,9245 WILKINSON BV,Charlotte,NC,,NICHOLS,,other,
NIGHT SWIM BREVARD,1824 N BREVARD ST,Charlotte,NC,,NIGHT SWIM BREVARD,,other,
NOBLE SMOKE,2216 FREEDOM DR,Charlotte,NC,,NOBLE SMOKE,,other,
NOBORU,20465 CHARTWELL CENTER DR,Charlotte,NC,,NOBORU,,other,
NODA BODEGA,1200 E 36TH ST,Charlotte,NC,,NODA BODEGA,,other,
NOODLES & COMPANY,8016 PROVIDENCE RD,Charlotte,NC,,NOODLES & COMPANY,,other,
NOODLES AND COMPANY,8926 J M KEYNES DR,Charlotte,NC,,NOODLES AND COMPANY,,other,
NOR'EAST TREATS & EATS,5401 E INDEPENDENCE BV,Charlotte,NC,,NOR EAST TREATS & EATS,,other,
NORTH DAVIDSON UMC,1025 E 36TH ST,Charlotte,NC,,NORTH DAVIDSON UMC,,other,
NORTH HARBOR CLUB,100 NORTH HARBOR PL,Charlotte,NC,,NORTH HARBOR CLUB,,other,
NORTH ITALIA,1414 S TRYON ST,Charlotte,NC,,NORTH ITALIA,,other,
NORTH ITALIAN BALLANTYNE,15120 BOWL ST,Charlotte,NC,,NORTH ITALIAN BALLANTYNE,,other,
NOTHING BUT NOODLES,12740 S TRYON ST,Charlotte,NC,,NOTHING BUT NOODLES,,other,
NOTHING BUT NOODLES,7930 REA RD,Charlotte,NC,,NOTHING BUT NOODLES,,other,
NOVANT HEALTH BALLANTYNE MEDICAL CTR FOOD SERVICE,10905 PROVIDENCE RD WEST,Charlotte,NC,,NOVANT HEALTH BALLANTYNE MEDICAL CTR FOOD SERVICE,,other,
NOVANT HEALTH CHARLOTTE ORTHOPEDIC HOSPITAL,1901 RANDOLPH RD,Charlotte,NC,,NOVANT HEALTH CHARLOTTE ORTHOPEDIC HOSPITAL,,other,
NOVANT HEALTH MATTHEWS MEDICAL CENTER,1500 MATTHEWS TOWNSHIP PKY,Charlotte,NC,,NOVANT HEALTH MATTHEWS MEDICAL CENTER,,other,
NOVANT HEALTH MINT HILL MEDICAL CENTER,8201 HEALTHCARE LP,Charlotte,NC,,NOVANT HEALTH MINT HILL MEDICAL CENTER,,other,
NUVOLE22,220 E TRADE ST,Charlotte,NC,,NUVOLE22,,other,
O-KU CHARLOTTE,2000 SOUTH BV,Charlotte,NC,,O-KU CHARLOTTE,,other,
OAK GROVE METHODIST CHURCH,6440 OLD STATESVILLE RD,Charlotte,NC,,OAK GROVE METHODIST CHURCH,,other,
"OG ASIAN EATERY AND KTV, THE",10610 CENTRUM PY,Charlotte,NC,,OG ASIAN EATERY AND KTV,,other,
OGGI RISTORANTE ITALIANO,16646 HAWFIELD WAY DR,Charlotte,NC,,OGGI RISTORANTE ITALIANO,,other,
OH MY SOUL,3046 N DAVIDSON ST,Charlotte,NC,,OH MY SOUL,,other,
OLIVE GARDEN #1312,9421 PINEVILLE-MATTHEWS RD,Charlotte,NC,,OLIVE GARDEN,,other,
OLIVE GARDEN #1682,8225 NORTHLAKE COMMONS BV,Charlotte,NC,,OLIVE GARDEN,,other,
OMAKASE BY PRIMEFISH,2907 PROVIDENCE RD,Charlotte,NC,,OMAKASE BY PRIMEFISH,,other,
ON THE BORDER #186,8315 NORTHLAKE COMMONS BV,Charlotte,NC,,ON THE BORDER,,other,
OPEN RICE BLAKENEY,9882 REA RD,Charlotte,NC,,OPEN RICE BLAKENEY,,other,
"ORIGINAL NY BAGELS, THE",610 JETTON ST,Charlotte,NC,,ORIGINAL NY BAGELS,,other,
"ORIGINAL NY BAGELS, THE",9810 GILEAD RD,Charlotte,NC,,ORIGINAL NY BAGELS,,other,
"ORIGINAL PANCAKE HOUSE, THE",4736 SHARON RD,Charlotte,NC,,ORIGINAL PANCAKE HOUSE,,other,
"ORIGINAL PANCAKE HOUSE, THE",915 CHARLOTTETOWNE AV,Charlotte,NC,,ORIGINAL PANCAKE HOUSE,,other,
OROSOKO,130 W BLAND ST,Charlotte,NC,,OROSOKO,,other,
OSAKA JAPANESE CUISINE,3531 MATTHEWS-MINT HILL RD,Charlotte,NC,,OSAKA JAPANESE CUISINE,,other,
OSHEN,7741 COLONY RD,Charlotte,NC,,OSHEN,,other,
OSTERIA LUCA PARK RD,4127 PARK RD,Charlotte,NC,,OSTERIA LUCA PARK RD,,other,
OUTRIGGER AT SAFE HARBOR PENINSULA CLUB,18501 HARBOR LIGHT BV,Charlotte,NC,,OUTRIGGER AT SAFE HARBOR PENINSULA CLUB,,other,
PALM BERRIES CORNELIUS,19722 ONE NORMAN BV,Charlotte,NC,,PALM BERRIES CORNELIUS,,other,
PANDA EXPRESS #1252,101 SENECA PL,Charlotte,NC,,PANDA EXPRESS,,other,
PANDA EXPRESS #1601,9918 KNOCKANDO LN,Charlotte,NC,,PANDA EXPRESS,,other,
PANDAS DEN,5724 E W T HARRIS BV,Charlotte,NC,,PANDAS DEN,,other,
PANERA BREAD # 6352,209 S KINGS DR,Charlotte,NC,,PANERA BREAD,,other,
PANERA BREAD #1043,9321 J W CLAY BV,Charlotte,NC,,PANERA BREAD,,other,
PANERA BREAD #1050,9309 CENTER LAKE DR,Charlotte,NC,,PANERA BREAD,,other,
PANERA BREAD #1217,9905 KNOCKANDO LN,Charlotte,NC,,PANERA BREAD,,other,
PANERA BREAD #1218,5940 FAIRVIEW RD,Charlotte,NC,,PANERA BREAD,,other,
PANERA BREAD #1686,3207 PINEVILLE-MATTHEWS RD,Charlotte,NC,,PANERA BREAD,,other,
PANERA BREAD #1707,306 S SHARON AMITY RD,Charlotte,NC,,PANERA BREAD,,other,
PANERA BREAD #1766,1000 BLYTHE BV,Charlotte,NC,,PANERA BREAD,,other,
PANERA BREAD #1966,11630 WAVERLY CENTER DR,Charlotte,NC,,PANERA BREAD,,other,
PANERA BREAD #601990,3625 CITY PARK DR,Charlotte,NC,,PANERA BREAD,,other,
PANERA BREAD #774,1904 MATTHEWS TOWNSHIP PY,Charlotte,NC,,PANERA BREAD,,other,
PANERA BREAD #863,14835 BALLANTYNE VILLAGE WY,Charlotte,NC,,PANERA BREAD,,other,
PANERA BREAD #922,8152 S TRYON ST,Charlotte,NC,,PANERA BREAD,,other,
PANERA BREAD A CONCOURSE,5501 JOSH BIRMINGHAM PY,Charlotte,NC,,PANERA BREAD A CONCOURSE,,other,
PANERA BREAD UPTOWN #1406,201 S COLLEGE ST,Charlotte,NC,,PANERA BREAD UPTOWN,,other,
PANTHERS DEN #322-326,800 S MINT ST,Charlotte,NC,,PANTHERS DEN -,,other,
PAPAS HOUSE BEER AND WINE,710 MAIN ST,Charlotte,NC,,PAPAS HOUSE BEER AND WINE,,other,
PAPER DOLL LOUNGE,3221 WILKINSON BV,Charlotte,NC,,PAPER DOLL LOUNGE,,other,
PARA,235  W TREMONT AV,Charlotte,NC,,PARA,,other,
PARADISE VALLEY PAR 3 GOLF COURSE,110 BARTON CREEK DR,Charlotte,NC,,PARADISE VALLEY PAR GOLF COURSE,,other,
PARK ROAD SODA SHOPPE,4121 PARK RD,Charlotte,NC,,PARK ROAD SODA SHOPPE,,other,
PASTA & PROVISIONS,1600 S MINT ST,Charlotte,NC,,PASTA & PROVISIONS,,other,
PASTA & PROVISIONS,4700 PARK RD,Charlotte,NC,,PASTA & PROVISIONS,,other,
PENGUIN,1531 EAST BV,Charlotte,NC,,PENGUIN,,other,
PENINSULA PRIME,19918 NORTH COVE RD,Charlotte,NC,,PENINSULA PRIME,,other,
PEPPERVINE,4620 PIEDMONT ROW DR,Charlotte,NC,,PEPPERVINE,,other,
PHILLY CORNER,8535 HANKINS RD,Charlotte,NC,,PHILLY CORNER,,other,
PIADA COTSWOLD VILLAGE,282 S SHARON AMITY RD,Charlotte,NC,,PIADA COTSWOLD VILLAGE,,other,
PIADA UNIVERSITY POINT,8932 J M KEYNES DR,Charlotte,NC,,PIADA UNIVERSITY POINT,,other,
PIATTO EXPRESS,1431 SARDIS RD N,Charlotte,NC,,PIATTO EXPRESS,,other,
"PICKLED PEACH, THE",202 S MAIN ST,Charlotte,NC,,PICKLED PEACH,,other,
PIEDMONT SOCIAL HOUSE,2135 AYRSLEY TOWN BV,Charlotte,NC,,PIEDMONT SOCIAL HOUSE,,other,
PINEVILLE ICE HOUSE,400 TOWNE CENTRE BV,Charlotte,NC,,PINEVILLE ICE HOUSE,,other,
PIO PIO,1408 EAST BV,Charlotte,NC,,PIO PIO,,other,
PISCO GASTROLOUNGE,116 WEST 5TH ST,Charlotte,NC,,PISCO GASTROLOUNGE,,other,
PLATFORM SPORTS,3216 SOUTH BV,Charlotte,NC,,PLATFORM SPORTS,,other,
PLAYLAND PINEVILLE,11812 CAROLINA PLACE PY,Charlotte,NC,,PLAYLAND PINEVILLE,,other,
POKE BROS,9818 GILEAD RD,Charlotte,NC,,POKE BROS,,other,
POKE EXPRESS,16041 JOHNSTON RD,Charlotte,NC,,POKE EXPRESS,,other,
POKE HONOLULU,10416 E INDEPENDENCE BV,Charlotte,NC,,POKE HONOLULU,,other,
POKE LAKES,20601 TORRENCE CHAPEL RD,Charlotte,NC,,POKE LAKES,,other,
POLLO CAMPERO,5727 N SHARON AMITY RD,Charlotte,NC,,POLLO CAMPERO,,other,
POLLO CAMPERO #9022,6124 SOUTH BV,Charlotte,NC,,POLLO CAMPERO,,other,
POLLO ROYAL,4517 N TRYON ST,Charlotte,NC,,POLLO ROYAL,,other,
POLLO ROYAL,5322 SOUTH BV,Charlotte,NC,,POLLO ROYAL,,other,
POPPYS BAGELS AND MORE,2201 SOUTH BV,Charlotte,NC,,POPPYS BAGELS AND MORE,,other,
POPPY`S BAGELS AND MORE,2921 PROVIDENCE RD,Charlotte,NC,,POPPY S BAGELS AND MORE,,other,
PORTOFINO ITALIAN,5126 PARK RD,Charlotte,NC,,PORTOFINO ITALIAN,,other,
PORTOFINOS-AYRSLEY,2127 AYRSLEY TOWN BV,Charlotte,NC,,PORTOFINOS-AYRSLEY,,other,
PORTRAIT GALLERY,118 E CHARLES ST,Charlotte,NC,,PORTRAIT GALLERY,,other,
PRESS BOX #349-352,800 S MINT ST,Charlotte,NC,,PRESS BOX -,,other,
PRIME FISH,11212 PROVIDENCE RD W,Charlotte,NC,,PRIME FISH,,other,
PRIME FOOD EXPRESS,13720 MALLARD CREEK RD,Charlotte,NC,,PRIME FOOD EXPRESS,,other,
PRIMO PRIME,116 MIDDLETON DR,Charlotte,NC,,PRIMO PRIME,,other,
PROJECT 658,3646 CENTRAL AV,Charlotte,NC,,PROJECT,,other,
PROJECT LEANNATION BALLANTYNE,16131 LANCASTER HY,Charlotte,NC,,PROJECT LEANNATION BALLANTYNE,,other,
PROSPECT OMEGA,5032 PARKWAY PLAZA BV,Charlotte,NC,,PROSPECT OMEGA,,other,
PROTAGONIST BEER,227 SOUTHSIDE DR,Charlotte,NC,,PROTAGONIST BEER,,other,
PROVIDENCE COUNTRY CLUB CLUBHOUSE,6001 PROVIDENCE COUNTRY CLUB DR,Charlotte,NC,,PROVIDENCE COUNTRY CLUB CLUBHOUSE,,other,
PROVIDENCE COUNTRY CLUB POOL/TURNHOUSE,6001 PROVIDENCE COUNTRY CLUB DR,Charlotte,NC,,PROVIDENCE COUNTRY CLUB POOL/TURNHOUSE,,other,
PROVIDENCE MEADOWS,4123 KUYKENDALL RD,Charlotte,NC,,PROVIDENCE MEADOWS,,other,
PROVIDENCE ROAD SUNDRIES,1522 PROVIDENCE RD,Charlotte,NC,,PROVIDENCE ROAD SUNDRIES,,other,
PUERTA,1961 E 7TH ST,Charlotte,NC,,PUERTA,,other,
PUNTA CANA,5230 SOUTH BV,Charlotte,NC,,PUNTA CANA,,other,
PUPUSA 503,850 CHANCELLOR PARK DR,Charlotte,NC,,PUPUSA,,other,
PUTTERY,210 RAMPART ST,Charlotte,NC,,PUTTERY,,other,
QC POUR HOUSE,200 W TREMONT AV,Charlotte,NC,,QC POUR HOUSE,,other,
QCBC,135 BREVARD CT,Charlotte,NC,,QCBC,,other,
QUE ONDA,13016 EASTFIELD RD,Charlotte,NC,,QUE ONDA,,other,
QUE ONDA,333 W TRADE ST,Charlotte,NC,,QUE ONDA,,other,
QUEEN CITY CRAFT AND GOURMET,5349 BALLANTYNE COMMONS PY,Charlotte,NC,,QUEEN CITY CRAFT AND GOURMET,,other,
QUEEN PARK SOCIAL,4125 YANCEY RD,Charlotte,NC,,QUEEN PARK SOCIAL,,other,
QUEEN'S SOUL FOOD,7308 E INDEPENDENCE BV,Charlotte,NC,,QUEEN S SOUL FOOD,,other,
QUEENS UNIVERSITY STUDENT CENTER,1900 SELWYN AV,Charlotte,NC,,QUEENS UNIVERSITY STUDENT CENTER,,other,
QUIKTRIP #1004,3025 WILKINSON BV,Charlotte,NC,,QUIKTRIP,,other,
QUIKTRIP #1024,4200 BROOKSHIRE BV,Charlotte,NC,,QUIKTRIP,,other,
QUIKTRIP #1028,10621 MONROE RD,Charlotte,NC,,QUIKTRIP,,other,
QUIKTRIP #1029,4937 SUNSET RD,Charlotte,NC,,QUIKTRIP,,other,
QUIKTRIP #1032,11230 N TRYON ST,Charlotte,NC,,QUIKTRIP,,other,
QUIKTRIP #1052,3206 EASTWAY DR,Charlotte,NC,,QUIKTRIP,,other,
QUIKTRIP #1053,6721 ALBEMARLE RD,Charlotte,NC,,QUIKTRIP,,other,
QUIKTRIP #1059,5209 CENTRAL AV,Charlotte,NC,,QUIKTRIP,,other,
RAI LAY,1520 SOUTH BV,Charlotte,NC,,RAI LAY,,other,
RAI LAY,9935 REA RD,Charlotte,NC,,RAI LAY,,other,
RALLY & HENRIETTA’S,101 SOUTHSIDE DR,Charlotte,NC,,RALLY & HENRIETTA S,,other,
RED CLAY CIDERWORKS,245 CLANTON RD,Charlotte,NC,,RED CLAY CIDERWORKS,,other,
RED GINGER,401  S TRYON  ST,Charlotte,NC,,RED GINGER,,other,
"RED LINE CLUB, THE",2700 E INDEPENDENCE BV,Charlotte,NC,,RED LINE CLUB,,other,
RED LOBSTER,9801 INDEPENDENCE POINTE PY,Charlotte,NC,,RED LOBSTER,,other,
RED ROBIN,8425 NORTHLAKE COMMONS BV,Charlotte,NC,,RED ROBIN,,other,
RED ROBIN #421,8304 KENBROOKE DR,Charlotte,NC,,RED ROBIN,,other,
RED SAKE,8410 REA RD,Charlotte,NC,,RED SAKE,,other,
RED ZONE #334-338,800 S MINT ST,Charlotte,NC,,RED ZONE -,,other,
RED@28TH,1315 EAST BV,Charlotte,NC,,RED 28TH,,other,
REFUEL AT ALOFT CHARLOTTE UPTOWN,210 E TRADE ST,Charlotte,NC,,REFUEL AT ALOFT CHARLOTTE UPTOWN,,other,
REGAL STONECREST 22,7824 REA RD,Charlotte,NC,,REGAL STONECREST,,other,
REID'S FINE FOODS,135 LEVINE AV,Charlotte,NC,,REID S FINE FOODS,,other,
REID'S FINE FOODS,2823  SELWYN AV,Charlotte,NC,,REID S FINE FOODS,,other,
REID'S FINE FOODS,4331 BARCLAY DOWNS DR,Charlotte,NC,,REID S FINE FOODS,,other,
RENAISSANCE CHARLOTTE SOUTHPARK,5501 CARNEGIE BV,Charlotte,NC,,RENAISSANCE CHARLOTTE SOUTHPARK,,other,
RENAISSANCE PATISSERIE,6401 CARNEGIE BV,Charlotte,NC,,RENAISSANCE PATISSERIE,,other,
RESIDENCE INN,220 E TRADE ST,Charlotte,NC,,RESIDENCE INN,,other,
RESIDENCE INN,404 S MINT ST,Charlotte,NC,,RESIDENCE INN,,other,
RESIDENCE INN,5115 PIPER STATION DR,Charlotte,NC,,RESIDENCE INN,,other,
RESIDENCE INN BY MARRIOTT STEELE CREEK,5110 TROJAN DR,Charlotte,NC,,RESIDENCE INN BY MARRIOTT STEELE CREEK,,other,
RESIDENCE INN CHARLOTTE SOUTHPARK,6030 PIEDMONT ROW DR S,Charlotte,NC,,RESIDENCE INN CHARLOTTE SOUTHPARK,,other,
RESIDENCE INN/FAIRFIELD INN+SUITES CHARLOTTE,2220 W TYVOLA RD,Charlotte,NC,,RESIDENCE INN/FAIRFIELD INN SUITES CHARLOTTE,,other,
RICEBLOSSOM,8418 PARK RD,Charlotte,NC,,RICEBLOSSOM,,other,
RICOS ACAI BLAKENEY,8440 REA RD,Charlotte,NC,,RICOS ACAI BLAKENEY,,other,
RICOS ACAI DAVIDSON,20823 N MAIN ST,Charlotte,NC,,RICOS ACAI DAVIDSON,,other,
RIO ULTRA LOUNGE,7030 SMITH CORNERS BV,Charlotte,NC,,RIO ULTRA LOUNGE,,other,
RITZ CARLTON CHARLOTTE/THE FIFTH FORK,201 E TRADE ST,Charlotte,NC,,RITZ CARLTON CHARLOTTE/THE FIFTH FORK,,other,
RIVER RUN CC WILDCAT,19125 RIVER FALLS DR,Charlotte,NC,,RIVER RUN CC WILDCAT,,other,
ROASTING COMPANY,1601 MONTFORD DR,Charlotte,NC,,ROASTING COMPANY,,other,
ROOM SERVICE,701 KESWICK AV,Charlotte,NC,,ROOM SERVICE,,other,
ROYAL AFRICAN CUISINE,3052 EASTWAY DR,Charlotte,NC,,ROYAL AFRICAN CUISINE,,other,
ROYAL BIRYANI,9624 MONROE RD,Charlotte,NC,,ROYAL BIRYANI,,other,
RUBY SUNSHINE,12330 JOHNSTON RD,Charlotte,NC,,RUBY SUNSHINE,,other,
RUBY SUNSHINE,332 W BLAND ST,Charlotte,NC,,RUBY SUNSHINE,,other,
RUBY TUESDAY,8905 RED OAK BV,Charlotte,NC,,RUBY TUESDAY,,other,
RUNAWAY STREETCAR,2135 THRIFT RD,Charlotte,NC,,RUNAWAY STREETCAR,,other,
RUSTY BUCKET,4810 ASHLEY PARK LN,Charlotte,NC,,RUSTY BUCKET,,other,
SAFE HARBOR PENINSULA YACHT CLUB,18501 HARBOR LIGHT BV,Charlotte,NC,,SAFE HARBOR PENINSULA YACHT CLUB,,other,
SAIGON PALACE,5215 SOUTH BV,Charlotte,NC,,SAIGON PALACE,,other,
SALADWORKS,9911 ROSE COMMONS DR,Charlotte,NC,,SALADWORKS,,other,
SALATA LOSO #138,3700 SOUTH BV,Charlotte,NC,,SALATA LOSO,,other,
SALATA SOUTHPARK,4425 SHARON RD,Charlotte,NC,,SALATA SOUTHPARK,,other,
SALATA UPTOWN,601 S TRYON ST,Charlotte,NC,,SALATA UPTOWN,,other,
SALSARITAS FRESH CANTINA,8400 PARK RD,Charlotte,NC,,SALSARITAS FRESH CANTINA,,other,
SALSARITAS FRESH CANTINA #115,9941 REA RD,Charlotte,NC,,SALSARITAS FRESH CANTINA,,other,
SALSA`S,2015 AYRSLEY TOWN BV,Charlotte,NC,,SALSA S,,other,
SALTED MELON SOUTH END,100 W WORTHINGTON AV,Charlotte,NC,,SALTED MELON SOUTH END,,other,
SALUD BEER SHOP,3306 N DAVIDSON ST,Charlotte,NC,,SALUD BEER SHOP,,other,
SAMOHA AFRICAN CUISINE,602 W SUGAR CREEK RD,Charlotte,NC,,SAMOHA AFRICAN CUISINE,,other,
SAMS CLUB #8219,1801 WINDSOR SQUARE DR,Charlotte,NC,,SAMS CLUB,,other,
SANTE,165 N TRADE ST,Charlotte,NC,,SANTE,,other,
SARANGI,9211 N TRYON ST,Charlotte,NC,,SARANGI,,other,
SARDIS OAKS,5151 SARDIS RD,Charlotte,NC,,SARDIS OAKS,,other,
SAVI PROVISIONS,2151 HAWKINS ST,Charlotte,NC,,SAVI PROVISIONS,,other,
SAVORY MOMENTS,12125 STATESVILLE RD,Charlotte,NC,,SAVORY MOMENTS,,other,
SEA HUT,2812 W SUGAR CREEK RD,Charlotte,NC,,SEA HUT,,other,
SEA LEVEL NC,129 E 5TH ST,Charlotte,NC,,SEA LEVEL NC,,other,
SEABOARD SOUTHEND,3232 SOUTH BV,Charlotte,NC,,SEABOARD SOUTHEND,,other,
SEN MEE NOODLE HOUSE,3718 CENTRAL AV,Charlotte,NC,,SEN MEE NOODLE HOUSE,,other,
SEOUL FOOD MEAT COMPANY,1400 S CHURCH ST,Charlotte,NC,,SEOUL FOOD MEAT COMPANY,,other,
SEOUL FOOD MEAT COMPANY MILL DISTRICT,421 E 26TH ST,Charlotte,NC,,SEOUL FOOD MEAT COMPANY MILL DISTRICT,,other,
SHAD'S LANDING,9131 BENFIELD RD,Charlotte,NC,,SHAD S LANDING,,other,
SHAKE SHACK,1605 E WOODLAWN RD,Charlotte,NC,,SHAKE SHACK,,other,
SHAKE SHACK #1250,9824 REA RD,Charlotte,NC,,SHAKE SHACK,,other,
SHAKE SHACK #1323,16633 BIRKDALE COMMONS PY,Charlotte,NC,,SHAKE SHACK,,other,
SHAKE SHACK SOUTHEND,1930 CAMDEN RD,Charlotte,NC,,SHAKE SHACK SOUTHEND,,other,
SHANES RIB SHACK #240,5220 NEW FASHION WY,Charlotte,NC,,SHANES RIB SHACK,,other,
SHUN LEE PALACE,4340 COLWICK RD,Charlotte,NC,,SHUN LEE PALACE,,other,
SIDE EYE @ MECKLEN HOTEL,8520 UNIVERSITY EXECUTIVE PARK DR,Charlotte,NC,,SIDE EYE MECKLEN HOTEL,,other,
SILVER EXPRESS,5115 N TRYON ST,Charlotte,NC,,SILVER EXPRESS,,other,
SIR EDMOND HALLEY`S,4151 PARK RD,Charlotte,NC,,SIR EDMOND HALLEY S,,other,
SIXTY VINES,1415 VANTAGE PARK DR,Charlotte,NC,,SIXTY VINES,,other,
SKRIMP SHACK #32,3718 CENTRAL AV,Charlotte,NC,,SKRIMP SHACK,,other,
SKY ZONE,10200 CENTRUM PY,Charlotte,NC,,SKY ZONE,,other,
SKY ZONE NORTHLAKE,7325 SMITH CORNERS BV,Charlotte,NC,,SKY ZONE NORTHLAKE,,other,
SKYBROOK GOLF CLUBHOUSE,14720 NORTHGREEN DR,Charlotte,NC,,SKYBROOK GOLF CLUBHOUSE,,other,
SKYVIEW 22 SOUL FOOD & MORE,9820 CALLABRIDGE CT,Charlotte,NC,,SKYVIEW SOUL FOOD & MORE,,other,
SLINGSHOT SOCIAL GAME CLUB,332 W BLAND ST,Charlotte,NC,,SLINGSHOT SOCIAL GAME CLUB,,other,
SMOKIN CUE,10901 UNIVERSITY CITY BV,Charlotte,NC,,SMOKIN CUE,,other,
SMOOTHIE KING #1296,3020 PROSPERITY CHURCH RD,Charlotte,NC,,SMOOTHIE KING,,other,
SMOOTHIE KING #1562,8150 MT HOLLY-HUNTERSVILLE RD,Charlotte,NC,,SMOOTHIE KING,,other,
SMOOTHIE KING #1570,8156 S TRYON ST,Charlotte,NC,,SMOOTHIE KING,,other,
SMOOTHIE KING #1614,5220 NEW FASHION WY,Charlotte,NC,,SMOOTHIE KING,,other,
SMOOTHIE KING #2000,9425 SOUTH BV,Charlotte,NC,,SMOOTHIE KING,,other,
SMOOTHIE KING #808,14130 RIVERGATE PY,Charlotte,NC,,SMOOTHIE KING,,other,
SMS CATERING SERVICES,1764 NORLAND RD,Charlotte,NC,,SMS CATERING SERVICES,,other,
SNOOZE AM EATERY #604,4425 SHARON RD,Charlotte,NC,,SNOOZE AM EATERY,,other,
SNOOZE AM EATERY SOUTH END,2041 SOUTH BV,Charlotte,NC,,SNOOZE AM EATERY SOUTH END,,other,
SNOOZE AN AM EATERY PLAZA MIDWOOD,1331 CENTRAL AV,Charlotte,NC,,SNOOZE AN AM EATERY PLAZA MIDWOOD,,other,
SOCIAL 704,9201 UNIVERSITY CITY BV,Charlotte,NC,,SOCIAL,,other,
SODEXO AT FEDERAL RESERVE BANK,530 E TRADE ST,Charlotte,NC,,SODEXO AT FEDERAL RESERVE BANK,,other,
SODEXO FRB CONFERENCE CENTER,530 E TRADE ST,Charlotte,NC,,SODEXO FRB CONFERENCE CENTER,,other,
SOLISTA CHARLOTTE,5512 CARMEL RD,Charlotte,NC,,SOLISTA CHARLOTTE,,other,
SOPHIAS LOUNGE,127 N TRYON ST,Charlotte,NC,,SOPHIAS LOUNGE,,other,
SOUL CENTRAL UNCC,8531 N TRYON ST,Charlotte,NC,,SOUL CENTRAL UNCC,,other,
SOUTH 21,6116 BROOKSHIRE BV,Charlotte,NC,,SOUTH,,other,
SOUTH 21 CURB SERVICE,3101 E INDEPENDENCE BV,Charlotte,NC,,SOUTH CURB SERVICE,,other,
SOUTH 21 JR,6920 N TRYON ST,Charlotte,NC,,SOUTH JR,,other,
SOUTH 21 MATTHEWS,11450 E INDEPENDENCE BV,Charlotte,NC,,SOUTH MATTHEWS,,other,
SOUTHBOUND,2433 SOUTH BV,Charlotte,NC,,SOUTHBOUND,,other,
SOUTHERN PECAN,6706 PHILLIPS PLACE CT,Charlotte,NC,,SOUTHERN PECAN,,other,
SPARE TIME ENTERTAINMENT,16317 STATESVILLE RD,Charlotte,NC,,SPARE TIME ENTERTAINMENT,,other,
SPARE TIME PINEVILLE,9600 PINEVILLE-MATTHEWS RD,Charlotte,NC,,SPARE TIME PINEVILLE,,other,
SPARK BY HILTON,6050 TYVOLA GLEN CR,Charlotte,NC,,SPARK BY HILTON,,other,
SPECTRUM CENTER HARDWOOD CLUB,333 E TRADE ST,Charlotte,NC,,SPECTRUM CENTER HARDWOOD CLUB,,other,
SPECTRUM CENTER THEATRE BOX,333 E TRADE ST,Charlotte,NC,,SPECTRUM CENTER THEATRE BOX,,other,
SPICE CHARLOTTE,515 NORTH ELLIS LN,Charlotte,NC,,SPICE CHARLOTTE,,other,
SPORTS PAGE FOOD AND SPIRITS,8400 BELLHAVEN BV,Charlotte,NC,,SPORTS PAGE FOOD AND SPIRITS,,other,
SPRINGHILL SUITES,13610 REESE BV W,Charlotte,NC,,SPRINGHILL SUITES,,other,
SPRINGHILL SUITES,3950 ARCO CORPORATE DR,Charlotte,NC,,SPRINGHILL SUITES,,other,
SPRINGHILL SUITES AT CAROWINDS,1000 COASTERVIEW DR,Charlotte,NC,,SPRINGHILL SUITES AT CAROWINDS,,other,
SPRINGHILL SUITES BY MARRIOTT CHARLOTTE AIRPORT,3055 SCOTT FUTRELL DR,Charlotte,NC,,SPRINGHILL SUITES BY MARRIOTT CHARLOTTE AIRPORT,,other,
SPRINGHILL SUITES CHARLOTTE AIRPORT LAKE POINTE,2223 CASCADE POINTE BV,Charlotte,NC,,SPRINGHILL SUITES CHARLOTTE AIRPORT LAKE POINTE,,other,
SPRINGHILL SUITES CHARLOTTE BALLANTYNE,12325 JOHNSTON RD,Charlotte,NC,,SPRINGHILL SUITES CHARLOTTE BALLANTYNE,,other,
SPRINGHILL SUITES UPTOWN CHARLOTTE,311 E 5TH ST,Charlotte,NC,,SPRINGHILL SUITES UPTOWN CHARLOTTE,,other,
SRI BALAJI CAFFE,716 MAIN ST,Charlotte,NC,,SRI BALAJI CAFFE,,other,
STABLE HAND,125 REMOUNT RD,Charlotte,NC,,STABLE HAND,,other,
STAGIONI,715 PROVIDENCE RD,Charlotte,NC,,STAGIONI,,other,
STARLIGHT ON 22ND,422 E 22ND ST,Charlotte,NC,,STARLIGHT ON 22ND,,other,
STATE OF CONFUSION,3500 DEWITT LN,Charlotte,NC,,STATE OF CONFUSION,,other,
STAYBRIDGE SUITES CHARLOTTE - TYVOLA,6017 TYVOLA GLEN CR,Charlotte,NC,,STAYBRIDGE SUITES CHARLOTTE - TYVOLA,,other,
STAYBRIDGE SUITES CHARLOTTE BALLANTYNE,15735 BRIXHAM HILL AV,Charlotte,NC,,STAYBRIDGE SUITES CHARLOTTE BALLANTYNE,,other,
STIR,1422 S TRYON ST,Charlotte,NC,,STIR,,other,
SUFFOLK PUNCH,2911 GRIFFITH ST,Charlotte,NC,,SUFFOLK PUNCH,,other,
SUFFOLK PUNCH,4400 SHARON RD,Charlotte,NC,,SUFFOLK PUNCH,,other,
SUGAR CREEK BREWING COMPANY,215 SOUTHSIDE DR,Charlotte,NC,,SUGAR CREEK BREWING COMPANY,,other,
SUGAR HANDMADE GOURMET DONUTS,11914 ELM LN,Charlotte,NC,,SUGAR HANDMADE GOURMET DONUTS,,other,
SUMMER HOUSE,5501 JOSH BIRMINGHAM PY,Charlotte,NC,,SUMMER HOUSE,,other,
SUNFLOUR BAKING COMPANY,2001 E 7TH ST,Charlotte,NC,,SUNFLOUR BAKING COMPANY,,other,
SUNFLOUR BAKING COMPANY,220 EAST BV,Charlotte,NC,,SUNFLOUR BAKING COMPANY,,other,
SUNFLOUR BAKING COMPANY BALLANTYNE,14021 CONLAN CR,Charlotte,NC,,SUNFLOUR BAKING COMPANY BALLANTYNE,,other,
SUNFLOUR BAKING COMPANY NODA,515 JORDAN PL,Charlotte,NC,,SUNFLOUR BAKING COMPANY NODA,,other,
SUNSET HILLS GOLF,800 RADIO RD,Charlotte,NC,,SUNSET HILLS GOLF,,other,
SUNSET SOULFOOD,5009 BEATTIES FORD RD,Charlotte,NC,,SUNSET SOULFOOD,,other,
SUPER MERCADO EL REY,6300 SOUTH BV,Charlotte,NC,,SUPER MERCADO EL REY,,other,
SUPERCHIX,7828 REA RD,Charlotte,NC,,SUPERCHIX,,other,
SUPERICA,101 W WORTHINGTON AV,Charlotte,NC,,SUPERICA,,other,
SUPERICA STAWBERRY  HILL,4223 PROVIDENCE RD,Charlotte,NC,,SUPERICA STAWBERRY HILL,,other,
SUPPERCLUB SOUTHEND,3521 DEWITT LN,Charlotte,NC,,SUPPERCLUB SOUTHEND,,other,
SUPPERLAND,1212 THE PLAZA,Charlotte,NC,,SUPPERLAND,,other,
SWEET DREAMS HAVANA,11126 S TRYON ST,Charlotte,NC,,SWEET DREAMS HAVANA,,other,
SWEET MAGIC,15025 LANCASTER HY,Charlotte,NC,,SWEET MAGIC,,other,
SWEET PEAS SPECIALTY FOOD STORE,10707 PARK RD,Charlotte,NC,,SWEET PEAS SPECIALTY FOOD STORE,,other,
SWEETGREEN,101 N TRYON ST,Charlotte,NC,,SWEETGREEN,,other,
TACO BOY LOSO,3700 SOUTH BV,Charlotte,NC,,TACO BOY LOSO,,other,
TACO MAMA DILWORTH,2452 PARK RD,Charlotte,NC,,TACO MAMA DILWORTH,,other,
TAIPEI EXPRESS,731 PROVIDENCE RD,Charlotte,NC,,TAIPEI EXPRESS,,other,
TAIPEI SOUTH,10106 JOHNSTON RD,Charlotte,NC,,TAIPEI SOUTH,,other,
TAP & VINE QUAIL HOLLOW,8410 PARK RD,Charlotte,NC,,TAP & VINE QUAIL HOLLOW,,other,
TAP AND VINE,7828 REA RD,Charlotte,NC,,TAP AND VINE,,other,
"TAPROOM, THE",5501 JOSH BIRMINGHAM PY,Charlotte,NC,,TAPROOM,,other,
TARGET #2132 FOOD AVENUE,12830 WALKER BRANCH DR,Charlotte,NC,,TARGET FOOD AVENUE,,other,
TARGET #762,9531 SOUTH BV,Charlotte,NC,,TARGET,,other,
TARGET #T-0966 FOOD AVENUE,9801 SAM FURR RD,Charlotte,NC,,TARGET T- FOOD AVENUE,,other,
"TASTY BOWL, THE",2900 WESTINGHOUSE BV,Charlotte,NC,,TASTY BOWL,,other,
TATTOOZ AND BOOZ,505 E 6TH ST,Charlotte,NC,,TATTOOZ AND BOOZ,,other,
TEN SECONDS,3429 TORINGDON WY,Charlotte,NC,,TEN SECONDS,,other,
TENDERS,18341 STATESVILLE RD,Charlotte,NC,,TENDERS,,other,
TEQUILERIA,5501 JOSH BIRMINGHAM PY,Charlotte,NC,,TEQUILERIA,,other,
TERIYAKI EXPRESS,7008 E W T HARRIS BV,Charlotte,NC,,TERIYAKI EXPRESS,,other,
TERIYAKI EXPRESS II,6434 W SUGAR CREEK RD,Charlotte,NC,,TERIYAKI EXPRESS II,,other,
TERIYAKI MADNESS,1100 METROPOLITAN AV,Charlotte,NC,,TERIYAKI MADNESS,,other,
TEXAS ROADHOUSE MATTHEWS,10400 E INDEPENDENCE BV,Charlotte,NC,,TEXAS ROADHOUSE MATTHEWS,,other,
TGI FRIDAY'S #490,6840 NORTHLAKE MALL DR,Charlotte,NC,,TGI FRIDAY S,,other,
TGI FRIDAYS #1742,409 W W T HARRIS BV,Charlotte,NC,,TGI FRIDAYS,,other,
THE ARTISANS PALATE,1210 E 36TH ST,Charlotte,NC,,ARTISANS PALATE,,other,
THE CLUBHOUSE,16715 ORCHARD STONE RN,Charlotte,NC,,CLUBHOUSE,,other,
THE CLUBHOUSE,2308 CENTRAL AV,Charlotte,NC,,CLUBHOUSE,,other,
THE CO OP OF CHARLOTTE,340 W TREMONT AV,Charlotte,NC,,OP OF CHARLOTTE,,other,
THE DUMPLING LADY,327 W TREMONT AV,Charlotte,NC,,DUMPLING LADY,,other,
THE FLOUR SHOP,530 BRANDYWINE RD,Charlotte,NC,,FLOUR SHOP,,other,
THE FLYING BISCUIT MATTHEWS,110 MATTHEWS STATION ST,Charlotte,NC,,FLYING BISCUIT MATTHEWS,,other,
THE FOUR,16508 NORTHCROSS DR,Charlotte,NC,,FOUR,,other,
THE GARRISON,314 MAIN ST,Charlotte,NC,,GARRISON,,other,
THE GROVE,1043 PROVIDENCE RD,Charlotte,NC,,GROVE,,other,
THE HAMILTON,820 HAMILTON ST,Charlotte,NC,,HAMILTON,,other,
THE KILTED BUFFALO,1212 CENTRAL AV,Charlotte,NC,,KILTED BUFFALO,,other,
THE OFFICE 2,7804 REA RD,Charlotte,NC,,OFFICE,,other,
THE PALISADES COUNTRY CLUB,13704 GRAND PALISADES PY,Charlotte,NC,,PALISADES COUNTRY CLUB,,other,
THE PORTERS HOUSE,7417 WAVERLY WALK AV,Charlotte,NC,,PORTERS HOUSE,,other,
THE PUNCH ROOM,201 E TRADE ST,Charlotte,NC,,PUNCH ROOM,,other,
THE RYAL AT BALLANTYNE RESORT,10000 BALLANTYNE COMMONS PY,Charlotte,NC,,RYAL AT BALLANTYNE RESORT,,other,
THE SALTY DONUT,1515 S TRYON ST,Charlotte,NC,,SALTY DONUT,,other,
THE SPICE GARDEN,7128 ALBEMARLE RD,Charlotte,NC,,SPICE GARDEN,,other,
THE WAFFLERY,1020 E 10TH ST,Charlotte,NC,,WAFFLERY,,other,
THIEN PHU,3023 CENTRAL AV,Charlotte,NC,,THIEN PHU,,other,
THIRTY-SEVEN SOL,8724 OUTLETS BV,Charlotte,NC,,THIRTY-SEVEN SOL,,other,
THOUGHTFUL CUP AT UNCC FRETWELL,9201 UNIVERSITY CITY BV,Charlotte,NC,,THOUGHTFUL CUP AT UNCC FRETWELL,,other,
THOUSAND HILLS LOSO,4015 CRAFT ST,Charlotte,NC,,THOUSAND HILLS LOSO,,other,
THREE HUNDRED EAST,300 EAST BV,Charlotte,NC,,THREE HUNDRED EAST,,other,
TIKKA SHACK UPTOWN,400 S TRYON ST,Charlotte,NC,,TIKKA SHACK UPTOWN,,other,
TIN CATERING,301 S DAVIDSON ST,Charlotte,NC,,TIN CATERING,,other,
TIPSY BURRO,2711 MONROE RD,Charlotte,NC,,TIPSY BURRO,,other,
TOKYO ONE EXPRESS,8634 CAMFIELD ST,Charlotte,NC,,TOKYO ONE EXPRESS,,other,
TOPGOLF,8024 SAVOY CORPORATE DR,Charlotte,NC,,TOPGOLF,,other,
TOPGOLF CHARLOTTE UNIVERSITY,9110 DRIVERS WY,Charlotte,NC,,TOPGOLF CHARLOTTE UNIVERSITY,,other,
TOPS CHINA,2127 BEATTIES FORD RD,Charlotte,NC,,TOPS CHINA,,other,
TORA IZAKAYA,6925 UNIVERSITY CITY BV,Charlotte,NC,,TORA IZAKAYA,,other,
TORTILLERIA ELIZABETH EASTWAY,3124 EASTWAY DR,Charlotte,NC,,TORTILLERIA ELIZABETH EASTWAY,,other,
TOSCANA RISTORANTE,6401 CARNEGIE BV,Charlotte,NC,,TOSCANA RISTORANTE,,other,
TOUS LE JOURS,2041 SOUTH BV,Charlotte,NC,,TOUS LE JOURS,,other,
TOUS LE JOURS SOUTHPARK,4625 PIEDMONT ROW DR,Charlotte,NC,,TOUS LE JOURS SOUTHPARK,,other,
TOWN BREWING COMPANY,800 GRANDIN RD,Charlotte,NC,,TOWN BREWING COMPANY,,other,
TOYAMA EXPRESS,2130 EAST ARBORS DR,Charlotte,NC,,TOYAMA EXPRESS,,other,
"TRADITION GOLF CLUB, THE",3800 PROSPERITY CHURCH RD,Charlotte,NC,,TRADITION GOLF CLUB,,other,
TREMONT,2000 SOUTH BV,Charlotte,NC,,TREMONT,,other,
TRES PESOS,100 W WOODLAWN RD,Charlotte,NC,,TRES PESOS,,other,
TREVI VIBRANT SENIOR LIVING,11230 TREVI VILLAGE BV,Charlotte,NC,,TREVI VIBRANT SENIOR LIVING,,other,
TRIMURTI TEMPLE DEVASTHANAM,6441 BEATTIES FORD RD,Charlotte,NC,,TRIMURTI TEMPLE DEVASTHANAM,,other,
TRIVENI EXPRESS,9539 PINNACLE DR,Charlotte,NC,,TRIVENI EXPRESS,,other,
TROPICAL SMOOTHIE NC56,5815 HIGHLAND SHOPPES DR,Charlotte,NC,,TROPICAL SMOOTHIE NC56,,other,
TRU BY HILTON CHARLOTTE I-77,6125 NATIONS FORD RD,Charlotte,NC,,TRU BY HILTON CHARLOTTE I-,,other,
TRU BY HILTON CHARLOTTE-ARYSLEY,9233 KINGS PARADE BV,Charlotte,NC,,TRU BY HILTON CHARLOTTE-ARYSLEY,,other,
TRYON HOUSE,130 EASTWAY DR,Charlotte,NC,,TRYON HOUSE,,other,
TRYON HOUSE,215 E EXMORE ST,Charlotte,NC,,TRYON HOUSE,,other,
TSAOCAA,9715 SAM FURR RD,Charlotte,NC,,TSAOCAA,,other,
UMAMI POKERITO,7510 PINEVILLE-MATTHEWS RD,Charlotte,NC,,UMAMI POKERITO,,other,
UNCC S A C/HOSPITALITY KITCH.,9201 UNIVERSITY CITY BV,Charlotte,NC,,UNCC S A C/HOSPITALITY KITCH,,other,
UNCC SOUTH VILLAGE CROSSING DINING FACILITY,9201 UNIVERSITY CITY BV,Charlotte,NC,,UNCC SOUTH VILLAGE CROSSING DINING FACILITY,,other,
UNITED HOUSE OF PRAYER FOR ALL,2321 BEATTIES FORD RD,Charlotte,NC,,UNITED HOUSE OF PRAYER FOR ALL,,other,
UPTOWN YOLK SOUTH END,1220 S TRYON ST,Charlotte,NC,,UPTOWN YOLK SOUTH END,,other,
VANGUARD WATER RIDGE,2201 WATER RIDGE PY,Charlotte,NC,,VANGUARD WATER RIDGE,,other,
VANGUARD WATER RIDGE,2605 WATER RIDGE PY,Charlotte,NC,,VANGUARD WATER RIDGE,,other,
VBGB BEER HALL AND GARDEN,920 HAMILTON ST,Charlotte,NC,,VBGB BEER HALL AND GARDEN,,other,
VELVET TACO,1601 E WOODLAWN RD,Charlotte,NC,,VELVET TACO,,other,
VELVET TACO SOUTH END,2170 HAWKINS ST,Charlotte,NC,,VELVET TACO SOUTH END,,other,
VIA ROMA,7416 WAVERLY WALK AV,Charlotte,NC,,VIA ROMA,,other,
VICIOUS BISCUIT ARBORETUM,8200 PROVIDENCE RD,Charlotte,NC,,VICIOUS BISCUIT ARBORETUM,,other,
VILLAGE ON MOREHEAD,727 E MOREHEAD ST,Charlotte,NC,,VILLAGE ON MOREHEAD,,other,
VIN MASTER,2000 SOUTH BV,Charlotte,NC,,VIN MASTER,,other,
VINYL,1440 S TRYON ST,Charlotte,NC,,VINYL,,other,
VITALITY BOWLS,1414 S TRYON ST,Charlotte,NC,,VITALITY BOWLS,,other,
WAKEY WAKEY,1640 SARDIS RD N,Charlotte,NC,,WAKEY WAKEY,,other,
WATERBEAN METROPOLITAN,1111 METROPOLITAN AV,Charlotte,NC,,WATERBEAN METROPOLITAN,,other,
WENDY'S #18,11145 E INDEPENDENCE BV,Charlotte,NC,,WENDY S,,other,
WENDY'S #36,7900 ARROWRIDGE BV,Charlotte,NC,,WENDY S,,other,
WENDY'S #56,16055 JOHNSTON RD,Charlotte,NC,,WENDY S,,other,
WENDY'S #62,8720 RACHEL FREEMAN WY,Charlotte,NC,,WENDY S,,other,
WENDY'S #65,11801 ALBEMARLE RD,Charlotte,NC,,WENDY S,,other,
WENDY'S #7,3300 FREEDOM DR,Charlotte,NC,,WENDY S,,other,
WENDY'S - CHARLOTTE AIRPORT,5501 JOSH BIRMINGHAM PY,Charlotte,NC,,WENDY S - CHARLOTTE AIRPORT,,other,
WENDY`S #15,10729 PARK RD,Charlotte,NC,,WENDY S,,other,
WENDY`S #17,2933 EASTWAY DR,Charlotte,NC,,WENDY S,,other,
WENDY`S #22,2801 BOYER ST,Charlotte,NC,,WENDY S,,other,
WENDY`S #27,5801 N SHARON AMITY RD,Charlotte,NC,,WENDY S,,other,
WENDY`S #29,1801 SARDIS RD N,Charlotte,NC,,WENDY S,,other,
WENDY`S #30,3700 W W T HARRIS BV,Charlotte,NC,,WENDY S,,other,
WENDY`S #38,3524 MT HOLLY-HUNTERSVILLE RD,Charlotte,NC,,WENDY S,,other,
WENDY`S #42,10235 UNIVERSITY CITY BV,Charlotte,NC,,WENDY S,,other,
WENDY`S #46,5214 SUNSET RD,Charlotte,NC,,WENDY S,,other,
WENDY`S #53,4335 PARK RD,Charlotte,NC,,WENDY S,,other,
WENDY`S #60,9905 NORTHLAKE CENTRE PY,Charlotte,NC,,WENDY S,,other,
WEST CHARLOTTE HIGH SCHOOL CULINARY ARTS,2219 SENIOR DR,Charlotte,NC,,WEST CHARLOTTE HIGH SCHOOL CULINARY ARTS,,other,
WHICH WICH,101 S TRYON ST,Charlotte,NC,,WHICH WICH,,other,
WHICH WICH,14318 RIVERGATE VIEW DR,Charlotte,NC,,WHICH WICH,,other,
WHICH WICH,16620 CRANLYN RD,Charlotte,NC,,WHICH WICH,,other,
WHICH WICH #257,930 PARK CENTER DR,Charlotte,NC,,WHICH WICH,,other,
WHISKEY WAREHOUSE,1221 THE PLAZA,Charlotte,NC,,WHISKEY WAREHOUSE,,other,
WHITE DUCK TACO SHOP MATTHEWS,131 E JOHN ST,Charlotte,NC,,WHITE DUCK TACO SHOP MATTHEWS,,other,
WILLIAMS PLACE,825 PENINSULA DR,Charlotte,NC,,WILLIAMS PLACE,,other,
WILLOW GROVE INDEPENDENT RETIREMENT,10043 IDLEWILD RD,Charlotte,NC,,WILLOW GROVE INDEPENDENT RETIREMENT,,other,
WINDSOR RUN,2030 WINDSOR RUN LN,Charlotte,NC,,WINDSOR RUN,,other,
WINE LOFT THE,2201 SOUTH BV,Charlotte,NC,,WINE LOFT,,other,
"WINE SHOP AT FOXCROFT, THE",7824 FAIRVIEW RD,Charlotte,NC,,WINE SHOP AT FOXCROFT,,other,
"WINE SHOP AT RIVERGATE, THE",14142 RIVERGATE PY,Charlotte,NC,,WINE SHOP AT RIVERGATE,,other,
WING STOP #690,6215 OLD POST RD,Charlotte,NC,,WING STOP,,other,
WINGATE BY WYNDHAM,2001 MT HARMONY CHURCH RD,Charlotte,NC,,WINGATE BY WYNDHAM,,other,
WOODIES ON TRYON,520  N TRYON  ST,Charlotte,NC,,WOODIES ON TRYON,,other,
"WORKMANS FRIEND, THE",1531 CENTRAL AV,Charlotte,NC,,WORKMANS FRIEND,,other,
WYNDHAM GARDEN CHARLOTTE EXECUTIVE PARK,440 GRIFFITH RD,Charlotte,NC,,WYNDHAM GARDEN CHARLOTTE EXECUTIVE PARK,,other,
YAFO EAST,1231 EAST BV,Charlotte,NC,,YAFO EAST,,other,
YAFO MIDWOOD,1331 CENTRAL AV,Charlotte,NC,,YAFO MIDWOOD,,other,
YAKIKO,710 W TRADE ST,Charlotte,NC,,YAKIKO,,other,
YAMA ASIAN FUSION,720 GOVERNOR MORRISON ST,Charlotte,NC,,YAMA ASIAN FUSION,,other,
YAMA LOSO,3535 DEWITT LN,Charlotte,NC,,YAMA LOSO,,other,
YAMAZARU,2173 HAWKINS ST,Charlotte,NC,,YAMAZARU,,other,
YAME ASIAN NOODLES,4435 PARK RD,Charlotte,NC,,YAME ASIAN NOODLES,,other,
YUNTA,2201 SOUTH BV,Charlotte,NC,,YUNTA,,other,
ZAFRAN KABAB PALACE,230 E W T HARRIS BV,Charlotte,NC,,ZAFRAN KABAB PALACE,,other,
ZAMBIES,3204 N DAVIDSON ST,Charlotte,NC,,ZAMBIES,,other,
ZAPATAS CANTINA,19905 WEST CATAWBA AV,Charlotte,NC,,ZAPATAS CANTINA,,other,
ZAPATA`S,8927 J M KEYNES DR,Charlotte,NC,,ZAPATA S,,other,
ZAXBY'S #1114,8334 IKEA BV,Charlotte,NC,,ZAXBY S,,other,
ZAXBY'S #44301,16601 STATESVILLE RD,Charlotte,NC,,ZAXBY S,,other,
ZAXBY'S #58001,8905 ALBEMARLE RD,Charlotte,NC,,ZAXBY S,,other,
ZAXBY'S STEELE CREEK #001D1,9308 ROBERT IRWIN DR,Charlotte,NC,,ZAXBY S STEELE CREEK 001D1,,other,
ZAXBY`S #70,7508 S TRYON ST,Charlotte,NC,,ZAXBY S,,other,
ZAXBY`S #73,6340 W SUGAR CREEK RD,Charlotte,NC,,ZAXBY S,,other,
ZINICOLA,14835 BALLANTYNE VILLAGE WY,Charlotte,NC,,ZINICOLA,,other,
ZIO,116 MIDDLETON DR,Charlotte,NC,,ZIO,,other,
